Match_id,Match,Batting Position,Batsmen,Runs,Balls,M,4s,6s,Strike Rate,Out/No Out
T20I # 1823,Namibia vs Sri Lanka,1,Michael van Lingen,3,6,7,0,0,50,Out
T20I # 1823,Namibia vs Sri Lanka,2,Divan la Cock,9,9,15,1,0,100,Out
T20I # 1823,Namibia vs Sri Lanka,3,Jan Nicol Loftie-Eaton,20,12,18,1,2,166.66,Out
T20I # 1823,Namibia vs Sri Lanka,4,Stephan Baard,26,24,49,2,0,108.33,Out
T20I # 1823,Namibia vs Sri Lanka,5,Gerhard Erasmus (c),20,24,30,0,0,83.33,Out
T20I # 1823,Namibia vs Sri Lanka,6,Jan Frylinck,44,28,44,4,0,157.14,Out
T20I # 1823,Namibia vs Sri Lanka,7,David Wiese,0,1,4,0,0,0,Out
T20I # 1823,Namibia vs Sri Lanka,8,JJ Smit,31,16,29,2,2,193.75,Not out
T20I # 1823,Namibia vs Sri Lanka,1,Pathum Nissanka,9,10,16,1,0,90,Out
T20I # 1823,Namibia vs Sri Lanka,2,Kusal Mendis †,6,6,8,0,0,100,Out
T20I # 1823,Namibia vs Sri Lanka,3,Dhananjaya de Silva,12,11,25,1,0,109.09,Out
T20I # 1823,Namibia vs Sri Lanka,4,Danushka Gunathilaka,0,1,2,0,0,0,Out
T20I # 1823,Namibia vs Sri Lanka,5,Bhanuka Rajapaksa,20,21,39,2,0,95.23,Out
T20I # 1823,Namibia vs Sri Lanka,6,Dasun Shanaka (c),29,23,37,2,1,126.08,Out
T20I # 1823,Namibia vs Sri Lanka,7,Wanindu Hasaranga de Silva,4,8,9,0,0,50,Out
T20I # 1823,Namibia vs Sri Lanka,8,Chamika Karunaratne,5,8,15,0,0,62.5,Out
T20I # 1823,Namibia vs Sri Lanka,9,Pramod Madushan,0,0,4,0,0,-,Out
T20I # 1823,Namibia vs Sri Lanka,10,Dushmantha Chameera,8,15,20,0,0,53.33,Out
T20I # 1823,Namibia vs Sri Lanka,11,Maheesh Theekshana,11,11,14,0,1,100,Not out
T20I # 1825,Netherlands vs U.A.E.,1,Chirag Suri,12,20,28,1,0,60,Out
T20I # 1825,Netherlands vs U.A.E.,2,Muhammad Waseem,41,47,71,1,2,87.23,Out
T20I # 1825,Netherlands vs U.A.E.,3,Kashif Daud,15,14,19,0,1,107.14,Out
T20I # 1825,Netherlands vs U.A.E.,4,Vriitya Aravind †,18,21,37,0,0,85.71,Out
T20I # 1825,Netherlands vs U.A.E.,5,Zawar Farid,2,4,8,0,0,50,Out
T20I # 1825,Netherlands vs U.A.E.,6,Basil Hameed,4,4,7,1,0,100,Out
T20I # 1825,Netherlands vs U.A.E.,7,Chundangapoyil Rizwan (c),1,2,7,0,0,50,Out
T20I # 1825,Netherlands vs U.A.E.,8,Aayan Afzal Khan,5,7,8,0,0,71.42,Out
T20I # 1825,Netherlands vs U.A.E.,9,Karthik Meiyappan,0,0,4,0,0,-,Not out
T20I # 1825,Netherlands vs U.A.E.,10,Junaid Siddique,0,1,1,0,0,0,Not out
T20I # 1825,Netherlands vs U.A.E.,1,Vikramjit Singh,10,7,8,2,0,142.85,Out
T20I # 1825,Netherlands vs U.A.E.,2,Max O'Dowd,23,18,25,3,1,127.77,Out
T20I # 1825,Netherlands vs U.A.E.,3,Bas de Leede,14,18,37,1,0,77.77,Out
T20I # 1825,Netherlands vs U.A.E.,4,Colin Ackermann,17,19,33,1,0,89.47,Out
T20I # 1825,Netherlands vs U.A.E.,5,Tom Cooper,8,16,22,0,0,50,Out
T20I # 1825,Netherlands vs U.A.E.,6,Scott Edwards (c)†,16,19,42,0,0,84.21,Not out
T20I # 1825,Netherlands vs U.A.E.,7,Roelof van der Merwe,0,2,4,0,0,0,Out
T20I # 1825,Netherlands vs U.A.E.,8,Tim Pringle,15,16,26,0,0,93.75,Out
T20I # 1825,Netherlands vs U.A.E.,9,Logan van Beek,4,4,7,0,0,100,Not out
T20I # 1826,Scotland vs West Indies,1,George Munsey,66,53,106,9,0,124.52,Not out
T20I # 1826,Scotland vs West Indies,2,Michael Jones,20,17,36,3,0,117.64,Out
T20I # 1826,Scotland vs West Indies,3,Matthew Cross †,3,5,10,0,0,60,Out
T20I # 1826,Scotland vs West Indies,4,Richie Berrington (c),16,14,21,0,1,114.28,Out
T20I # 1826,Scotland vs West Indies,5,Calum MacLeod,23,14,15,4,0,164.28,Out
T20I # 1826,Scotland vs West Indies,6,Michael Leask,4,6,8,0,0,66.66,Out
T20I # 1826,Scotland vs West Indies,7,Chris Greaves,16,11,19,2,0,145.45,Not out
T20I # 1826,Scotland vs West Indies,1,Kyle Mayers,20,13,12,3,1,153.84,Out
T20I # 1826,Scotland vs West Indies,2,Evin Lewis,14,13,30,1,1,107.69,Out
T20I # 1826,Scotland vs West Indies,3,Brandon King,17,15,24,3,0,113.33,Out
T20I # 1826,Scotland vs West Indies,4,Nicholas Pooran (c)†,5,9,14,0,0,55.55,Out
T20I # 1826,Scotland vs West Indies,5,Shamarh Brooks,4,9,24,0,0,44.44,Out
T20I # 1826,Scotland vs West Indies,6,Rovman Powell,5,6,12,0,0,83.33,Out
T20I # 1826,Scotland vs West Indies,7,Jason Holder,38,33,37,4,1,115.15,Out
T20I # 1826,Scotland vs West Indies,8,Akeal Hosein,1,1,4,0,0,100,Out
T20I # 1826,Scotland vs West Indies,9,Alzarri Joseph,0,1,4,0,0,0,Out
T20I # 1826,Scotland vs West Indies,10,Odean Smith,5,8,14,0,0,62.5,Out
T20I # 1826,Scotland vs West Indies,11,Obed McCoy,2,3,10,0,0,66.66,Not out
T20I # 1828,Ireland vs Zimbabwe,1,Regis Chakabva †,0,2,3,0,0,0,Out
T20I # 1828,Ireland vs Zimbabwe,2,Craig Ervine (c),9,12,28,1,0,75,Out
T20I # 1828,Ireland vs Zimbabwe,3,Wessly Madhevere,22,19,22,4,0,115.78,Out
T20I # 1828,Ireland vs Zimbabwe,4,Sean Williams,12,11,24,0,1,109.09,Out
T20I # 1828,Ireland vs Zimbabwe,5,Sikandar Raza,82,48,72,5,5,170.83,Out
T20I # 1828,Ireland vs Zimbabwe,6,Milton Shumba,16,14,26,1,0,114.28,Out
T20I # 1828,Ireland vs Zimbabwe,7,Ryan Burl,1,4,9,0,0,25,Out
T20I # 1828,Ireland vs Zimbabwe,8,Luke Jongwe,20,10,14,3,0,200,Not out
T20I # 1828,Ireland vs Zimbabwe,1,Paul Stirling,0,2,3,0,0,0,Out
T20I # 1828,Ireland vs Zimbabwe,2,Andy Balbirnie (c),3,4,20,0,0,75,Out
T20I # 1828,Ireland vs Zimbabwe,3,Lorcan Tucker †,11,11,10,2,0,100,Out
T20I # 1828,Ireland vs Zimbabwe,4,Harry Tector,1,4,5,0,0,25,Out
T20I # 1828,Ireland vs Zimbabwe,5,Curtis Campher,27,22,41,1,0,122.72,Out
T20I # 1828,Ireland vs Zimbabwe,6,George Dockrell,24,20,25,3,0,120,Out
T20I # 1828,Ireland vs Zimbabwe,7,Gareth Delany,24,20,23,1,1,120,Out
T20I # 1828,Ireland vs Zimbabwe,8,Mark Adair,9,10,18,0,1,90,Out
T20I # 1828,Ireland vs Zimbabwe,9,Simi Singh,0,1,1,0,0,0,Out
T20I # 1828,Ireland vs Zimbabwe,10,Barry McCarthy,22,16,23,1,2,137.5,Not out
T20I # 1828,Ireland vs Zimbabwe,11,Josh Little,7,11,17,1,0,63.63,Not out
T20I # 1830,Namibia vs Netherlands,1,Michael van Lingen,20,19,20,3,0,105.26,Out
T20I # 1830,Namibia vs Netherlands,2,Divan la Cock,0,2,5,0,0,0,Out
T20I # 1830,Namibia vs Netherlands,3,Stephan Baard,19,22,46,0,0,86.36,Out
T20I # 1830,Namibia vs Netherlands,4,Jan Nicol Loftie-Eaton,0,2,3,0,0,0,Out
T20I # 1830,Namibia vs Netherlands,5,Jan Frylinck,43,48,63,1,1,89.58,Out
T20I # 1830,Namibia vs Netherlands,6,Gerhard Erasmus (c),16,18,37,0,0,88.88,Out
T20I # 1830,Namibia vs Netherlands,7,David Wiese,11,5,8,1,0,220,Not out
T20I # 1830,Namibia vs Netherlands,8,JJ Smit,5,4,6,1,0,125,Not out
T20I # 1830,Namibia vs Netherlands,1,Max O'Dowd,35,35,59,1,1,100,Out
T20I # 1830,Namibia vs Netherlands,2,Vikramjit Singh,39,31,37,3,2,125.8,Out
T20I # 1830,Namibia vs Netherlands,3,Bas de Leede,30,30,51,2,0,100,Not out
T20I # 1830,Namibia vs Netherlands,4,Tom Cooper,6,6,7,1,0,100,Out
T20I # 1830,Namibia vs Netherlands,5,Colin Ackermann,0,2,2,0,0,0,Out
T20I # 1830,Namibia vs Netherlands,6,Scott Edwards (c)†,1,5,5,0,0,20,Out
T20I # 1830,Namibia vs Netherlands,7,Tim Pringle,8,9,14,0,0,88.88,Not out
T20I # 1832,Sri Lanka vs U.A.E.,1,Pathum Nissanka,74,60,105,6,2,123.33,Out
T20I # 1832,Sri Lanka vs U.A.E.,2,Kusal Mendis †,18,13,24,2,0,138.46,Out
T20I # 1832,Sri Lanka vs U.A.E.,3,Dhananjaya de Silva,33,21,30,3,1,157.14,Out
T20I # 1832,Sri Lanka vs U.A.E.,4,Bhanuka Rajapaksa,5,8,19,0,0,62.5,Out
T20I # 1832,Sri Lanka vs U.A.E.,5,Charith Asalanka,0,1,2,0,0,0,Out
T20I # 1832,Sri Lanka vs U.A.E.,6,Dasun Shanaka (c),0,1,2,0,0,0,Out
T20I # 1832,Sri Lanka vs U.A.E.,7,Wanindu Hasaranga de Silva,2,3,3,0,0,66.66,Out
T20I # 1832,Sri Lanka vs U.A.E.,8,Chamika Karunaratne,8,11,22,1,0,72.72,Out
T20I # 1832,Sri Lanka vs U.A.E.,9,Pramod Madushan,1,1,4,0,0,100,Not out
T20I # 1832,Sri Lanka vs U.A.E.,10,Dushmantha Chameera,1,1,2,0,0,100,Not out
T20I # 1832,Sri Lanka vs U.A.E.,1,Muhammad Waseem,2,4,13,0,0,50,Out
T20I # 1832,Sri Lanka vs U.A.E.,2,Chirag Suri,14,19,31,3,0,73.68,Out
T20I # 1832,Sri Lanka vs U.A.E.,3,Aryan Lakra,1,3,4,0,0,33.33,Out
T20I # 1832,Sri Lanka vs U.A.E.,4,Chundangapoyil Rizwan (c),1,3,8,0,0,33.33,Out
T20I # 1832,Sri Lanka vs U.A.E.,5,Vriitya Aravind †,9,18,26,1,0,50,Out
T20I # 1832,Sri Lanka vs U.A.E.,6,Basil Hameed,2,6,14,0,0,33.33,Out
T20I # 1832,Sri Lanka vs U.A.E.,7,Aayan Afzal Khan,19,21,33,1,0,90.47,Out
T20I # 1832,Sri Lanka vs U.A.E.,8,Kashif Daud,0,4,8,0,0,0,Out
T20I # 1832,Sri Lanka vs U.A.E.,9,Karthik Meiyappan,4,8,11,0,0,50,Out
T20I # 1832,Sri Lanka vs U.A.E.,10,Junaid Siddique,18,16,22,1,1,112.5,Out
T20I # 1832,Sri Lanka vs U.A.E.,11,Zahoor Khan,1,1,15,0,0,100,Not out
T20I # 1833,Ireland vs Scotland,1,George Munsey,1,2,9,0,0,50,Out
T20I # 1833,Ireland vs Scotland,2,Michael Jones,86,55,95,6,4,156.36,Out
T20I # 1833,Ireland vs Scotland,3,Matthew Cross †,28,21,33,5,0,133.33,Out
T20I # 1833,Ireland vs Scotland,4,Richie Berrington (c),37,27,39,3,1,137.03,Out
T20I # 1833,Ireland vs Scotland,5,Michael Leask,17,13,19,2,0,130.76,Not out
T20I # 1833,Ireland vs Scotland,6,Calum MacLeod,0,3,6,0,0,0,Out
T20I # 1833,Ireland vs Scotland,1,Paul Stirling,8,10,22,1,0,80,Out
T20I # 1833,Ireland vs Scotland,2,Andy Balbirnie (c),14,12,15,2,0,116.66,Out
T20I # 1833,Ireland vs Scotland,3,Lorcan Tucker †,20,17,28,2,0,117.64,Out
T20I # 1833,Ireland vs Scotland,4,Harry Tector,14,16,23,1,0,87.5,Out
T20I # 1833,Ireland vs Scotland,5,Curtis Campher,72,32,48,7,2,225,Not out
T20I # 1833,Ireland vs Scotland,6,George Dockrell,39,27,42,4,1,144.44,Not out
T20I # 1834,West Indies vs Zimbabwe,1,Kyle Mayers,13,12,17,2,0,108.33,Out
T20I # 1834,West Indies vs Zimbabwe,2,Johnson Charles,45,36,60,3,2,125,Out
T20I # 1834,West Indies vs Zimbabwe,3,Evin Lewis,15,18,28,1,0,83.33,Out
T20I # 1834,West Indies vs Zimbabwe,4,Nicholas Pooran (c)†,7,9,10,0,0,77.77,Out
T20I # 1834,West Indies vs Zimbabwe,5,Rovman Powell,28,21,40,1,2,133.33,Out
T20I # 1834,West Indies vs Zimbabwe,6,Shamarh Brooks,0,3,5,0,0,0,Out
T20I # 1834,West Indies vs Zimbabwe,7,Jason Holder,4,3,3,0,0,133.33,Out
T20I # 1834,West Indies vs Zimbabwe,8,Akeal Hosein,23,18,31,2,0,127.77,Not out
T20I # 1834,West Indies vs Zimbabwe,9,Odean Smith,1,2,2,0,0,50,Not out
T20I # 1834,West Indies vs Zimbabwe,1,Wessly Madhevere,27,19,37,3,1,142.1,Out
T20I # 1834,West Indies vs Zimbabwe,2,Regis Chakabva (c)†,13,9,14,3,0,144.44,Out
T20I # 1834,West Indies vs Zimbabwe,3,Tony Munyonga,2,6,12,0,0,33.33,Out
T20I # 1834,West Indies vs Zimbabwe,4,Sean Williams,1,2,4,0,0,50,Out
T20I # 1834,West Indies vs Zimbabwe,5,Sikandar Raza,14,8,12,1,1,175,Out
T20I # 1834,West Indies vs Zimbabwe,6,Milton Shumba,2,9,20,0,0,22.22,Out
T20I # 1834,West Indies vs Zimbabwe,7,Ryan Burl,17,19,30,3,0,89.47,Out
T20I # 1834,West Indies vs Zimbabwe,8,Luke Jongwe,29,22,31,3,1,131.81,Out
T20I # 1834,West Indies vs Zimbabwe,9,Richard Ngarava,2,6,11,0,0,33.33,Out
T20I # 1834,West Indies vs Zimbabwe,10,Tendai Chatara,3,8,12,0,0,37.5,Out
T20I # 1834,West Indies vs Zimbabwe,11,Blessing Muzarabani,1,4,4,0,0,25,Not out
T20I # 1835,Netherlands vs Sri Lanka,1,Pathum Nissanka,14,21,25,0,1,66.66,Out
T20I # 1835,Netherlands vs Sri Lanka,2,Kusal Mendis †,79,44,94,5,5,179.54,Out
T20I # 1835,Netherlands vs Sri Lanka,3,Dhananjaya de Silva,0,1,2,0,0,0,Out
T20I # 1835,Netherlands vs Sri Lanka,4,Charith Asalanka,31,30,38,3,0,103.33,Out
T20I # 1835,Netherlands vs Sri Lanka,5,Bhanuka Rajapaksa,19,13,18,2,0,146.15,Out
T20I # 1835,Netherlands vs Sri Lanka,6,Dasun Shanaka (c),8,5,9,0,1,160,Out
T20I # 1835,Netherlands vs Sri Lanka,7,Wanindu Hasaranga de Silva,5,4,8,0,0,125,Not out
T20I # 1835,Netherlands vs Sri Lanka,8,Chamika Karunaratne,2,2,4,0,0,100,Not out
T20I # 1835,Netherlands vs Sri Lanka,1,Max O'Dowd,71,53,99,6,3,133.96,Not out
T20I # 1835,Netherlands vs Sri Lanka,2,Vikramjit Singh,7,14,18,0,0,50,Out
T20I # 1835,Netherlands vs Sri Lanka,3,Bas de Leede,14,10,12,1,1,140,Out
T20I # 1835,Netherlands vs Sri Lanka,4,Colin Ackermann,0,1,4,0,0,0,Out
T20I # 1835,Netherlands vs Sri Lanka,5,Tom Cooper,16,19,23,2,0,84.21,Out
T20I # 1835,Netherlands vs Sri Lanka,6,Scott Edwards (c)†,21,15,16,3,0,140,Out
T20I # 1835,Netherlands vs Sri Lanka,7,Tim Pringle,2,4,8,0,0,50,Out
T20I # 1835,Netherlands vs Sri Lanka,8,Timm van der Gugten,0,1,2,0,0,0,Out
T20I # 1835,Netherlands vs Sri Lanka,9,Fred Klaassen,3,3,5,0,0,100,Out
T20I # 1835,Netherlands vs Sri Lanka,10,Paul van Meekeren,0,0,4,0,0,-,Out
T20I # 1835,Netherlands vs Sri Lanka,11,Roelof van der Merwe,0,1,14,0,0,0,Not out
T20I # 1836,Namibia vs U.A.E.,1,Muhammad Waseem,50,41,66,1,3,121.95,Out
T20I # 1836,Namibia vs U.A.E.,2,Vriitya Aravind †,21,32,34,2,0,65.62,Out
T20I # 1836,Namibia vs U.A.E.,3,Chundangapoyil Rizwan (c),43,29,55,3,1,148.27,Not out
T20I # 1836,Namibia vs U.A.E.,4,Alishan Sharafu,4,4,10,0,0,100,Out
T20I # 1836,Namibia vs U.A.E.,5,Basil Hameed,25,14,13,2,2,178.57,Not out
T20I # 1836,Namibia vs U.A.E.,1,Michael van Lingen,10,8,14,1,0,125,Out
T20I # 1836,Namibia vs U.A.E.,2,Stephan Baard,4,6,9,1,0,66.66,Out
T20I # 1836,Namibia vs U.A.E.,3,Jan Nicol Loftie-Eaton,1,6,17,0,0,16.66,Out
T20I # 1836,Namibia vs U.A.E.,4,Gerhard Erasmus (c),16,18,23,2,0,88.88,Out
T20I # 1836,Namibia vs U.A.E.,5,Jan Frylinck,14,17,33,1,0,82.35,Out
T20I # 1836,Namibia vs U.A.E.,6,JJ Smit,3,3,3,0,0,100,Out
T20I # 1836,Namibia vs U.A.E.,7,David Wiese,55,36,65,3,3,152.77,Out
T20I # 1836,Namibia vs U.A.E.,8,Zane Green †,2,3,3,0,0,66.66,Out
T20I # 1836,Namibia vs U.A.E.,9,Ruben Trumpelmann,25,24,43,1,1,104.16,Not out
T20I # 1836,Namibia vs U.A.E.,10,Bernard Scholtz,1,1,-,0,0,100,Not out
T20I # 1837,Ireland vs West Indies,1,Kyle Mayers,1,5,12,0,0,20,Out
T20I # 1837,Ireland vs West Indies,2,Johnson Charles,24,18,22,3,1,133.33,Out
T20I # 1837,Ireland vs West Indies,3,Evin Lewis,13,18,42,0,0,72.22,Out
T20I # 1837,Ireland vs West Indies,4,Brandon King,62,48,80,6,1,129.16,Not out
T20I # 1837,Ireland vs West Indies,5,Nicholas Pooran (c)†,13,11,16,0,1,118.18,Out
T20I # 1837,Ireland vs West Indies,6,Rovman Powell,6,8,12,1,0,75,Out
T20I # 1837,Ireland vs West Indies,7,Odean Smith,19,12,18,1,2,158.33,Not out
T20I # 1837,Ireland vs West Indies,1,Paul Stirling,66,48,79,6,2,137.5,Not out
T20I # 1837,Ireland vs West Indies,2,Andy Balbirnie (c),37,23,34,3,3,160.86,Out
T20I # 1837,Ireland vs West Indies,3,Lorcan Tucker †,45,35,46,2,2,128.57,Not out
T20I # 1838,Scotland vs Zimbabwe,1,George Munsey,54,51,74,7,0,105.88,Out
T20I # 1838,Scotland vs Zimbabwe,2,Michael Jones,4,5,6,1,0,80,Out
T20I # 1838,Scotland vs Zimbabwe,3,Matthew Cross †,1,7,15,0,0,14.28,Out
T20I # 1838,Scotland vs Zimbabwe,4,Richie Berrington (c),13,15,24,0,0,86.66,Out
T20I # 1838,Scotland vs Zimbabwe,5,Calum MacLeod,25,26,46,1,0,96.15,Out
T20I # 1838,Scotland vs Zimbabwe,6,Michael Leask,12,9,11,2,0,133.33,Out
T20I # 1838,Scotland vs Zimbabwe,7,Chris Greaves,3,7,10,0,0,42.85,Not out
T20I # 1838,Scotland vs Zimbabwe,8,Josh Davey,4,3,3,0,0,133.33,Not out
T20I # 1838,Scotland vs Zimbabwe,1,Regis Chakabva †,4,3,3,1,0,133.33,Out
T20I # 1838,Scotland vs Zimbabwe,2,Craig Ervine (c),58,54,79,6,0,107.4,Out
T20I # 1838,Scotland vs Zimbabwe,3,Wessly Madhevere,0,5,8,0,0,0,Out
T20I # 1838,Scotland vs Zimbabwe,4,Sean Williams,7,12,28,0,0,58.33,Out
T20I # 1838,Scotland vs Zimbabwe,5,Sikandar Raza,40,23,34,3,2,173.91,Out
T20I # 1838,Scotland vs Zimbabwe,6,Milton Shumba,11,11,16,0,0,100,Not out
T20I # 1838,Scotland vs Zimbabwe,7,Ryan Burl,9,5,7,1,0,180,Not out
T20I # 1839,Australia vs New Zealand,1,Finn Allen,42,16,24,5,3,262.5,Out
T20I # 1839,Australia vs New Zealand,2,Devon Conway †,92,58,106,7,2,158.62,Not out
T20I # 1839,Australia vs New Zealand,3,Kane Williamson (c),23,23,48,1,1,100,Out
T20I # 1839,Australia vs New Zealand,4,Glenn Phillips,12,10,16,2,0,120,Out
T20I # 1839,Australia vs New Zealand,5,James Neesham,26,13,19,0,2,200,Not out
T20I # 1839,Australia vs New Zealand,1,David Warner,5,6,7,1,0,83.33,Out
T20I # 1839,Australia vs New Zealand,2,Aaron Finch (c),13,11,20,1,1,118.18,Out
T20I # 1839,Australia vs New Zealand,3,Mitchell Marsh,16,12,17,2,1,133.33,Out
T20I # 1839,Australia vs New Zealand,4,Glenn Maxwell,28,20,47,3,1,140,Out
T20I # 1839,Australia vs New Zealand,5,Marcus Stoinis,7,14,16,0,0,50,Out
T20I # 1839,Australia vs New Zealand,6,Tim David,11,8,12,0,1,137.5,Out
T20I # 1839,Australia vs New Zealand,7,Matthew Wade †,2,4,10,0,0,50,Out
T20I # 1839,Australia vs New Zealand,8,Pat Cummins,21,18,27,2,1,116.66,Out
T20I # 1839,Australia vs New Zealand,9,Mitchell Starc,4,7,13,0,0,57.14,Out
T20I # 1839,Australia vs New Zealand,10,Adam Zampa,0,2,3,0,0,0,Out
T20I # 1839,Australia vs New Zealand,11,Josh Hazlewood,1,1,6,0,0,100,Not out
T20I # 1840,Afghanistan vs England,1,Hazratullah Zazai,7,17,31,1,0,41.17,Out
T20I # 1840,Afghanistan vs England,2,Rahmanullah Gurbaz †,10,9,13,0,1,111.11,Out
T20I # 1840,Afghanistan vs England,3,Ibrahim Zadran,32,32,41,3,1,100,Out
T20I # 1840,Afghanistan vs England,4,Usman Ghani,30,30,60,3,0,100,Out
T20I # 1840,Afghanistan vs England,5,Najibullah Zadran,13,11,15,0,1,118.18,Out
T20I # 1840,Afghanistan vs England,6,Mohammad Nabi (c),3,5,7,0,0,60,Out
T20I # 1840,Afghanistan vs England,7,Azmatullah Omarzai,8,6,11,1,0,133.33,Out
T20I # 1840,Afghanistan vs England,8,Rashid Khan,0,1,2,0,0,0,Out
T20I # 1840,Afghanistan vs England,9,Mujeeb Ur Rahman,0,1,3,0,0,0,Out
T20I # 1840,Afghanistan vs England,10,Fareed Ahmad,2,4,7,0,0,50,Not out
T20I # 1840,Afghanistan vs England,11,Fazalhaq Farooqi,0,2,3,0,0,0,Out
T20I # 1840,Afghanistan vs England,1,Jos Buttler (c)†,18,18,25,3,0,100,Out
T20I # 1840,Afghanistan vs England,2,Alex Hales,19,20,41,0,1,95,Out
T20I # 1840,Afghanistan vs England,3,Dawid Malan,18,30,40,0,0,60,Out
T20I # 1840,Afghanistan vs England,4,Ben Stokes,2,4,11,0,0,50,Out
T20I # 1840,Afghanistan vs England,5,Liam Livingstone,29,21,34,3,0,138.09,Not out
T20I # 1840,Afghanistan vs England,6,Harry Brook,7,6,9,0,0,116.66,Out
T20I # 1840,Afghanistan vs England,7,Moeen Ali,8,10,13,0,0,80,Not out
T20I # 1841,Ireland vs Sri Lanka,1,Paul Stirling,34,25,45,4,1,136,Out
T20I # 1841,Ireland vs Sri Lanka,2,Andy Balbirnie (c),1,5,7,0,0,20,Out
T20I # 1841,Ireland vs Sri Lanka,3,Lorcan Tucker †,10,11,20,1,0,90.9,Out
T20I # 1841,Ireland vs Sri Lanka,4,Harry Tector,45,42,59,2,1,107.14,Out
T20I # 1841,Ireland vs Sri Lanka,5,Curtis Campher,2,4,6,0,0,50,Out
T20I # 1841,Ireland vs Sri Lanka,6,George Dockrell,14,16,25,0,0,87.5,Out
T20I # 1841,Ireland vs Sri Lanka,7,Gareth Delany,9,6,10,1,0,150,Out
T20I # 1841,Ireland vs Sri Lanka,8,Mark Adair,0,1,5,0,0,0,Out
T20I # 1841,Ireland vs Sri Lanka,9,Simi Singh,7,8,9,1,0,87.5,Not out
T20I # 1841,Ireland vs Sri Lanka,10,Barry McCarthy,2,2,7,0,0,100,Not out
T20I # 1841,Ireland vs Sri Lanka,2,Kusal Mendis †,68,43,68,5,3,158.13,Not out
T20I # 1841,Ireland vs Sri Lanka,2,Dhananjaya de Silva,31,25,35,2,1,124,Out
T20I # 1841,Ireland vs Sri Lanka,3,Charith Asalanka,31,22,33,2,0,140.9,Not out
T20I # 1842,India vs Pakistan,1,Mohammad Rizwan †,4,12,25,1,0,33.33,Out
T20I # 1842,India vs Pakistan,2,Babar Azam (c),0,1,10,0,0,0,Out
T20I # 1842,India vs Pakistan,3,Shan Masood,52,42,101,5,0,123.8,Not out
T20I # 1842,India vs Pakistan,4,Iftikhar Ahmed,51,34,43,2,4,150,Out
T20I # 1842,India vs Pakistan,5,Shadab Khan,5,6,6,1,0,83.33,Out
T20I # 1842,India vs Pakistan,6,Haider Ali,2,4,6,0,0,50,Out
T20I # 1842,India vs Pakistan,7,Mohammad Nawaz,9,6,12,2,0,150,Out
T20I # 1842,India vs Pakistan,8,Asif Ali,2,3,6,0,0,66.66,Out
T20I # 1842,India vs Pakistan,9,Shaheen Shah Afridi,16,8,17,1,1,200,Out
T20I # 1842,India vs Pakistan,10,Haris Rauf,6,4,3,0,1,150,Not out
T20I # 1842,India vs Pakistan,1,KL Rahul,4,8,13,0,0,50,Out
T20I # 1842,India vs Pakistan,2,Rohit Sharma (c),4,7,20,0,0,57.14,Out
T20I # 1842,India vs Pakistan,3,Virat Kohli,82,53,98,6,4,154.71,Not out
T20I # 1842,India vs Pakistan,4,Suryakumar Yadav,15,10,11,2,0,150,Out
T20I # 1842,India vs Pakistan,5,Axar Patel,2,3,7,0,0,66.66,Out
T20I # 1842,India vs Pakistan,6,Hardik Pandya,40,37,61,1,2,108.1,Out
T20I # 1842,India vs Pakistan,7,Dinesh Karthik †,1,2,10,0,0,50,Out
T20I # 1842,India vs Pakistan,8,Ravichandran Ashwin,1,1,2,0,0,100,Not out
T20I # 1843,Bangladesh vs Netherlands,1,Najmul Hossain Shanto,25,20,31,4,0,125,Out
T20I # 1843,Bangladesh vs Netherlands,2,Soumya Sarkar,14,14,24,2,0,100,Out
T20I # 1843,Bangladesh vs Netherlands,3,Litton Das,9,11,17,0,0,81.81,Out
T20I # 1843,Bangladesh vs Netherlands,4,Shakib Al Hasan (c),7,9,14,0,0,77.77,Out
T20I # 1843,Bangladesh vs Netherlands,5,Afif Hossain,38,27,47,2,2,140.74,Out
T20I # 1843,Bangladesh vs Netherlands,6,Yasir Ali,3,5,9,0,0,60,Out
T20I # 1843,Bangladesh vs Netherlands,7,Nurul Hasan †,13,18,28,0,0,72.22,Out
T20I # 1843,Bangladesh vs Netherlands,8,Mosaddek Hossain,20,12,12,2,1,166.66,Not out
T20I # 1843,Bangladesh vs Netherlands,9,Taskin Ahmed,0,1,3,0,0,0,Out
T20I # 1843,Bangladesh vs Netherlands,10,Hasan Mahmud,0,3,6,0,0,0,Not out
T20I # 1843,Bangladesh vs Netherlands,1,Vikramjit Singh,0,1,4,0,0,0,Out
T20I # 1843,Bangladesh vs Netherlands,2,Max O'Dowd,8,8,21,0,1,100,Out
T20I # 1843,Bangladesh vs Netherlands,3,Bas de Leede,0,1,2,0,0,0,Out
T20I # 1843,Bangladesh vs Netherlands,4,Colin Ackermann,62,48,77,6,2,129.16,Out
T20I # 1843,Bangladesh vs Netherlands,5,Tom Cooper,0,0,2,0,0,-,Out
T20I # 1843,Bangladesh vs Netherlands,6,Scott Edwards (c)†,16,24,33,1,0,66.66,Out
T20I # 1843,Bangladesh vs Netherlands,7,Tim Pringle,1,6,5,0,0,16.66,Out
T20I # 1843,Bangladesh vs Netherlands,8,Logan van Beek,2,5,9,0,0,40,Out
T20I # 1843,Bangladesh vs Netherlands,9,Shariz Ahmad,9,8,9,1,0,112.5,Out
T20I # 1843,Bangladesh vs Netherlands,10,Fred Klaassen,7,6,20,0,0,116.66,Not out
T20I # 1843,Bangladesh vs Netherlands,11,Paul van Meekeren,24,14,16,3,1,171.42,Out
T20I # 1844,South Africa vs Zimbabwe,1,Regis Chakabva †,8,8,13,0,1,100,Out
T20I # 1844,South Africa vs Zimbabwe,2,Craig Ervine (c),2,6,11,0,0,33.33,Out
T20I # 1844,South Africa vs Zimbabwe,3,Sean Williams,1,1,10,0,0,100,Out
T20I # 1844,South Africa vs Zimbabwe,4,Sikandar Raza,0,2,3,0,0,0,Out
T20I # 1844,South Africa vs Zimbabwe,5,Wessly Madhevere,35,18,37,4,1,194.44,Not out
T20I # 1844,South Africa vs Zimbabwe,6,Milton Shumba,18,20,32,2,0,90,Out
T20I # 1844,South Africa vs Zimbabwe,2,Quinton de Kock †,47,18,26,8,1,261.11,Not out
T20I # 1844,South Africa vs Zimbabwe,2,Temba Bavuma (c),2,2,26,0,0,100,Not out
T20I # 1845,Australia vs Sri Lanka,1,Pathum Nissanka,40,45,65,2,0,88.88,Out
T20I # 1845,Australia vs Sri Lanka,2,Kusal Mendis †,5,6,9,1,0,83.33,Out
T20I # 1845,Australia vs Sri Lanka,3,Dhananjaya de Silva,26,23,47,3,0,113.04,Out
T20I # 1845,Australia vs Sri Lanka,4,Charith Asalanka,38,25,45,3,2,152,Not out
T20I # 1845,Australia vs Sri Lanka,5,Bhanuka Rajapaksa,7,5,9,1,0,140,Out
T20I # 1845,Australia vs Sri Lanka,6,Dasun Shanaka (c),3,5,6,0,0,60,Out
T20I # 1845,Australia vs Sri Lanka,7,Wanindu Hasaranga de Silva,1,4,8,0,0,25,Out
T20I # 1845,Australia vs Sri Lanka,8,Chamika Karunaratne,14,7,16,2,0,200,Not out
T20I # 1845,Australia vs Sri Lanka,1,David Warner,11,10,26,0,0,110,Out
T20I # 1845,Australia vs Sri Lanka,2,Aaron Finch (c),31,42,89,0,1,73.8,Not out
T20I # 1845,Australia vs Sri Lanka,3,Mitchell Marsh,17,17,20,1,1,100,Out
T20I # 1845,Australia vs Sri Lanka,4,Glenn Maxwell,23,12,21,2,2,191.66,Out
T20I # 1845,Australia vs Sri Lanka,5,Marcus Stoinis,59,18,22,4,6,327.77,Not out
T20I # 1846,England vs Ireland,1,Paul Stirling,14,8,16,1,1,175,Out
T20I # 1846,England vs Ireland,2,Andy Balbirnie (c),62,47,74,5,2,131.91,Out
T20I # 1846,England vs Ireland,3,Lorcan Tucker †,34,27,42,3,1,125.92,Out
T20I # 1846,England vs Ireland,4,Harry Tector,0,2,3,0,0,0,Out
T20I # 1846,England vs Ireland,5,Curtis Campher,18,11,22,3,0,163.63,Out
T20I # 1846,England vs Ireland,6,George Dockrell,0,1,2,0,0,0,Out
T20I # 1846,England vs Ireland,7,Gareth Delany,12,10,22,1,0,120,Not out
T20I # 1846,England vs Ireland,8,Mark Adair,4,4,8,0,0,100,Out
T20I # 1846,England vs Ireland,9,Barry McCarthy,3,3,4,0,0,100,Out
T20I # 1846,England vs Ireland,10,Fionn Hand,1,2,4,0,0,50,Out
T20I # 1846,England vs Ireland,11,Josh Little,0,1,3,0,0,0,Out
T20I # 1846,England vs Ireland,1,Jos Buttler (c)†,0,2,3,0,0,0,Out
T20I # 1846,England vs Ireland,2,Alex Hales,7,5,14,1,0,140,Out
T20I # 1846,England vs Ireland,3,Dawid Malan,35,37,66,2,0,94.59,Out
T20I # 1846,England vs Ireland,4,Ben Stokes,6,8,14,0,0,75,Out
T20I # 1846,England vs Ireland,5,Harry Brook,18,21,30,1,0,85.71,Out
T20I # 1846,England vs Ireland,6,Moeen Ali,24,12,18,3,1,200,Not out
T20I # 1846,England vs Ireland,7,Liam Livingstone,1,2,7,0,0,50,Not out
T20I # 1847,Bangladesh vs South Africa,1,Temba Bavuma (c),2,6,6,0,0,33.33,Out
T20I # 1847,Bangladesh vs South Africa,2,Quinton de Kock †,63,38,77,7,3,165.78,Out
T20I # 1847,Bangladesh vs South Africa,3,Rilee Rossouw,109,56,90,7,8,194.64,Out
T20I # 1847,Bangladesh vs South Africa,4,Tristan Stubbs,7,7,9,1,0,100,Out
T20I # 1847,Bangladesh vs South Africa,5,Aiden Markram,10,11,16,1,0,90.9,Out
T20I # 1847,Bangladesh vs South Africa,6,David Miller,2,4,8,0,0,50,Not out
T20I # 1847,Bangladesh vs South Africa,7,Wayne Parnell,0,2,2,0,0,0,Not out
T20I # 1847,Bangladesh vs South Africa,1,Najmul Hossain Shanto,9,9,15,1,0,100,Out
T20I # 1847,Bangladesh vs South Africa,2,Soumya Sarkar,15,6,11,0,2,250,Out
T20I # 1847,Bangladesh vs South Africa,3,Litton Das,34,31,57,1,1,109.67,Out
T20I # 1847,Bangladesh vs South Africa,4,Shakib Al Hasan (c),1,4,11,0,0,25,Out
T20I # 1847,Bangladesh vs South Africa,5,Afif Hossain,1,5,8,0,0,20,Out
T20I # 1847,Bangladesh vs South Africa,6,Mehidy Hasan Miraz,11,13,17,0,0,84.61,Out
T20I # 1847,Bangladesh vs South Africa,7,Mosaddek Hossain,0,3,4,0,0,0,Out
T20I # 1847,Bangladesh vs South Africa,8,Nurul Hasan †,2,6,7,0,0,33.33,Out
T20I # 1847,Bangladesh vs South Africa,9,Taskin Ahmed,10,17,22,1,0,58.82,Out
T20I # 1847,Bangladesh vs South Africa,10,Hasan Mahmud,0,2,7,0,0,0,Out
T20I # 1847,Bangladesh vs South Africa,11,Mustafizur Rahman,9,3,8,0,1,300,Not out
T20I # 1848,India vs Netherlands,1,KL Rahul,9,12,12,1,0,75,Out
T20I # 1848,India vs Netherlands,2,Rohit Sharma (c),53,39,53,4,3,135.89,Out
T20I # 1848,India vs Netherlands,3,Virat Kohli,62,44,79,3,2,140.9,Not out
T20I # 1848,India vs Netherlands,4,Suryakumar Yadav,51,25,38,7,1,204,Not out
T20I # 1848,India vs Netherlands,1,Vikramjit Singh,1,9,13,0,0,11.11,Out
T20I # 1848,India vs Netherlands,2,Max O'Dowd,16,10,22,3,0,160,Out
T20I # 1848,India vs Netherlands,3,Bas de Leede,16,23,27,0,0,69.56,Out
T20I # 1848,India vs Netherlands,4,Colin Ackermann,17,21,31,1,0,80.95,Out
T20I # 1848,India vs Netherlands,5,Tom Cooper,9,12,12,0,0,75,Out
T20I # 1848,India vs Netherlands,6,Scott Edwards (c)†,5,8,21,0,0,62.5,Out
T20I # 1848,India vs Netherlands,7,Tim Pringle,20,15,14,1,1,133.33,Out
T20I # 1848,India vs Netherlands,8,Logan van Beek,3,5,11,0,0,60,Out
T20I # 1848,India vs Netherlands,9,Shariz Ahmad,16,11,18,2,0,145.45,Not out
T20I # 1848,India vs Netherlands,10,Fred Klaassen,0,1,3,0,0,0,Out
T20I # 1848,India vs Netherlands,11,Paul van Meekeren,14,6,9,3,0,233.33,Not out
T20I # 1849,Pakistan vs Zimbabwe,1,Wessly Madhevere,17,13,30,3,0,130.76,Out
T20I # 1849,Pakistan vs Zimbabwe,2,Craig Ervine (c),19,19,26,2,0,100,Out
T20I # 1849,Pakistan vs Zimbabwe,3,Milton Shumba,8,10,22,1,0,80,Out
T20I # 1849,Pakistan vs Zimbabwe,4,Sean Williams,31,28,37,3,0,110.71,Out
T20I # 1849,Pakistan vs Zimbabwe,5,Sikandar Raza,9,16,22,1,0,56.25,Out
T20I # 1849,Pakistan vs Zimbabwe,6,Regis Chakabva †,0,1,2,0,0,0,Out
T20I # 1849,Pakistan vs Zimbabwe,7,Ryan Burl,10,15,30,0,0,66.66,Not out
T20I # 1849,Pakistan vs Zimbabwe,8,Luke Jongwe,0,1,2,0,0,0,Out
T20I # 1849,Pakistan vs Zimbabwe,9,Brad Evans,19,15,24,0,1,126.66,Out
T20I # 1849,Pakistan vs Zimbabwe,10,Richard Ngarava,3,2,3,0,0,150,Not out
T20I # 1849,Pakistan vs Zimbabwe,1,Mohammad Rizwan †,14,16,23,1,1,87.5,Out
T20I # 1849,Pakistan vs Zimbabwe,2,Babar Azam (c),4,9,17,1,0,44.44,Out
T20I # 1849,Pakistan vs Zimbabwe,3,Shan Masood,44,38,61,3,0,115.78,Out
T20I # 1849,Pakistan vs Zimbabwe,4,Iftikhar Ahmed,5,10,16,1,0,50,Out
T20I # 1849,Pakistan vs Zimbabwe,5,Shadab Khan,17,14,27,0,1,121.42,Out
T20I # 1849,Pakistan vs Zimbabwe,6,Haider Ali,0,1,3,0,0,0,Out
T20I # 1849,Pakistan vs Zimbabwe,7,Mohammad Nawaz,22,18,36,1,1,122.22,Out
T20I # 1849,Pakistan vs Zimbabwe,8,Mohammad Wasim,12,13,29,2,0,92.3,Not out
T20I # 1849,Pakistan vs Zimbabwe,9,Shaheen Shah Afridi,1,1,3,0,0,100,Out
T20I # 1850,New Zealand vs Sri Lanka,1,Finn Allen,1,3,3,0,0,33.33,Out
T20I # 1850,New Zealand vs Sri Lanka,2,Devon Conway †,1,4,14,0,0,25,Out
T20I # 1850,New Zealand vs Sri Lanka,3,Kane Williamson (c),8,13,18,1,0,61.53,Out
T20I # 1850,New Zealand vs Sri Lanka,4,Glenn Phillips,104,64,87,10,4,162.5,Out
T20I # 1850,New Zealand vs Sri Lanka,6,Daryl Mitchell,22,24,52,0,0,91.66,Out
T20I # 1850,New Zealand vs Sri Lanka,6,James Neesham,5,8,15,0,0,62.5,Out
T20I # 1850,New Zealand vs Sri Lanka,7,Mitchell Santner,11,5,17,0,1,220,Not out
T20I # 1850,New Zealand vs Sri Lanka,8,Ish Sodhi,1,1,3,0,0,100,Out
T20I # 1850,New Zealand vs Sri Lanka,9,Tim Southee,4,1,1,1,0,400,Not out
T20I # 1850,New Zealand vs Sri Lanka,1,Pathum Nissanka,0,5,5,0,0,0,Out
T20I # 1850,New Zealand vs Sri Lanka,2,Kusal Mendis †,4,3,9,1,0,133.33,Out
T20I # 1850,New Zealand vs Sri Lanka,3,Dhananjaya de Silva,0,3,8,0,0,0,Out
T20I # 1850,New Zealand vs Sri Lanka,4,Charith Asalanka,4,8,11,0,0,50,Out
T20I # 1850,New Zealand vs Sri Lanka,5,Bhanuka Rajapaksa,34,22,38,3,2,154.54,Out
T20I # 1850,New Zealand vs Sri Lanka,6,Chamika Karunaratne,3,8,13,0,0,37.5,Out
T20I # 1850,New Zealand vs Sri Lanka,7,Dasun Shanaka (c),35,32,49,4,1,109.37,Out
T20I # 1850,New Zealand vs Sri Lanka,8,Wanindu Hasaranga de Silva,4,6,6,1,0,66.66,Out
T20I # 1850,New Zealand vs Sri Lanka,9,Maheesh Theekshana,0,3,5,0,0,0,Out
T20I # 1850,New Zealand vs Sri Lanka,10,Kasun Rajitha,8,21,30,0,0,38.09,Not out
T20I # 1850,New Zealand vs Sri Lanka,11,Lahiru Kumara,4,5,10,1,0,80,Out
T20I # 1851,Bangladesh vs Zimbabwe,1,Najmul Hossain Shanto,71,55,77,7,1,129.09,Out
T20I # 1851,Bangladesh vs Zimbabwe,2,Soumya Sarkar,0,2,9,0,0,0,Out
T20I # 1851,Bangladesh vs Zimbabwe,3,Litton Das,14,12,22,3,0,116.66,Out
T20I # 1851,Bangladesh vs Zimbabwe,4,Shakib Al Hasan (c),23,20,32,1,0,115,Out
T20I # 1851,Bangladesh vs Zimbabwe,5,Afif Hossain,29,19,40,1,1,152.63,Out
T20I # 1851,Bangladesh vs Zimbabwe,6,Mosaddek Hossain,7,10,18,0,0,70,Out
T20I # 1851,Bangladesh vs Zimbabwe,7,Nurul Hasan †,1,1,5,0,0,100,Out
T20I # 1851,Bangladesh vs Zimbabwe,8,Yasir Ali,1,1,3,0,0,100,Not out
T20I # 1851,Bangladesh vs Zimbabwe,1,Wessly Madhevere,4,3,1,1,0,133.33,Out
T20I # 1851,Bangladesh vs Zimbabwe,2,Craig Ervine (c),8,7,16,2,0,114.28,Out
T20I # 1851,Bangladesh vs Zimbabwe,3,Milton Shumba,8,15,24,1,0,53.33,Out
T20I # 1851,Bangladesh vs Zimbabwe,4,Sean Williams,64,42,75,8,0,152.38,Out
T20I # 1851,Bangladesh vs Zimbabwe,5,Sikandar Raza,0,3,4,0,0,0,Out
T20I # 1851,Bangladesh vs Zimbabwe,6,Regis Chakabva †,15,19,24,0,0,78.94,Out
T20I # 1851,Bangladesh vs Zimbabwe,7,Ryan Burl,27,25,50,2,1,108,Not out
T20I # 1851,Bangladesh vs Zimbabwe,8,Brad Evans,2,2,5,0,0,100,Out
T20I # 1851,Bangladesh vs Zimbabwe,9,Richard Ngarava,6,3,6,0,1,200,Out
T20I # 1851,Bangladesh vs Zimbabwe,10,Blessing Muzarabani,0,2,6,0,0,0,Not out
T20I # 1852,Netherlands vs Pakistan,1,Stephan Myburgh,6,11,13,1,0,54.54,Out
T20I # 1852,Netherlands vs Pakistan,2,Max O'Dowd,8,13,41,0,0,61.53,Out
T20I # 1852,Netherlands vs Pakistan,3,Bas de Leede,6,16,15,1,0,37.5,Out
T20I # 1852,Netherlands vs Pakistan,4,Tom Cooper,1,2,4,0,0,50,Out
T20I # 1852,Netherlands vs Pakistan,5,Colin Ackermann,27,27,40,2,0,100,Out
T20I # 1852,Netherlands vs Pakistan,6,Scott Edwards (c)†,15,20,38,1,0,75,Out
T20I # 1852,Netherlands vs Pakistan,7,Roelof van der Merwe,5,6,12,0,0,83.33,Out
T20I # 1852,Netherlands vs Pakistan,8,Tim Pringle,5,8,15,0,0,62.5,Out
T20I # 1852,Netherlands vs Pakistan,9,Logan van Beek,6,9,18,0,0,66.66,Not out
T20I # 1852,Netherlands vs Pakistan,10,Fred Klaassen,0,1,1,0,0,0,Out
T20I # 1852,Netherlands vs Pakistan,11,Paul van Meekeren,7,7,8,0,0,100,Out
T20I # 1852,Netherlands vs Pakistan,1,Mohammad Rizwan †,49,39,66,5,0,125.64,Out
T20I # 1852,Netherlands vs Pakistan,2,Babar Azam (c),4,5,10,1,0,80,Out
T20I # 1852,Netherlands vs Pakistan,3,Fakhar Zaman,20,16,27,3,0,125,Out
T20I # 1852,Netherlands vs Pakistan,4,Shan Masood,12,16,35,0,0,75,Out
T20I # 1852,Netherlands vs Pakistan,5,Iftikhar Ahmed,6,5,10,0,0,120,Not out
T20I # 1852,Netherlands vs Pakistan,6,Shadab Khan,4,2,2,1,0,200,Not out
T20I # 1853,India vs South Africa,1,KL Rahul,9,14,25,0,1,64.28,Out
T20I # 1853,India vs South Africa,2,Rohit Sharma (c),15,14,22,1,1,107.14,Out
T20I # 1853,India vs South Africa,3,Virat Kohli,12,11,13,2,0,109.09,Out
T20I # 1853,India vs South Africa,4,Suryakumar Yadav,68,40,68,6,3,170,Out
T20I # 1853,India vs South Africa,5,Deepak Hooda,0,3,4,0,0,0,Out
T20I # 1853,India vs South Africa,6,Hardik Pandya,2,3,6,0,0,66.66,Out
T20I # 1853,India vs South Africa,7,Dinesh Karthik †,6,15,33,0,0,40,Out
T20I # 1853,India vs South Africa,8,Ravichandran Ashwin,7,11,15,0,0,63.63,Out
T20I # 1853,India vs South Africa,9,Bhuvneshwar Kumar,4,6,9,0,0,66.66,Not out
T20I # 1853,India vs South Africa,10,Mohammed Shami,0,2,5,0,0,0,Out
T20I # 1853,India vs South Africa,11,Arshdeep Singh,2,1,2,0,0,200,Not out
T20I # 1853,India vs South Africa,2,Quinton de Kock †,1,3,7,0,0,33.33,Out
T20I # 1853,India vs South Africa,2,Temba Bavuma (c),10,15,30,0,1,66.66,Out
T20I # 1853,India vs South Africa,3,Rilee Rossouw,0,2,4,0,0,0,Out
T20I # 1853,India vs South Africa,4,Aiden Markram,52,41,72,6,1,126.82,Out
T20I # 1853,India vs South Africa,5,David Miller,59,46,78,4,3,128.26,Not out
T20I # 1853,India vs South Africa,6,Tristan Stubbs,6,6,15,1,0,100,Out
T20I # 1853,India vs South Africa,7,Wayne Parnell,2,5,11,0,0,40,Not out
T20I # 1855,Australia vs Ireland,1,David Warner,3,7,13,0,0,42.85,Out
T20I # 1855,Australia vs Ireland,2,Aaron Finch (c),63,44,87,5,3,143.18,Out
T20I # 1855,Australia vs Ireland,3,Mitchell Marsh,28,22,28,2,2,127.27,Out
T20I # 1855,Australia vs Ireland,4,Glenn Maxwell,13,9,18,0,1,144.44,Out
T20I # 1855,Australia vs Ireland,5,Marcus Stoinis,35,25,41,3,1,140,Out
T20I # 1855,Australia vs Ireland,6,Tim David,15,10,15,2,0,150,Not out
T20I # 1855,Australia vs Ireland,7,Matthew Wade †,7,3,7,1,0,233.33,Not out
T20I # 1855,Australia vs Ireland,1,Paul Stirling,11,7,11,1,1,157.14,Out
T20I # 1855,Australia vs Ireland,2,Andy Balbirnie (c),6,7,11,0,1,85.71,Out
T20I # 1855,Australia vs Ireland,3,Lorcan Tucker †,71,48,81,9,1,147.91,Not out
T20I # 1855,Australia vs Ireland,4,Harry Tector,6,4,3,1,0,150,Out
T20I # 1855,Australia vs Ireland,5,Curtis Campher,0,1,5,0,0,0,Out
T20I # 1855,Australia vs Ireland,6,George Dockrell,0,4,4,0,0,0,Out
T20I # 1855,Australia vs Ireland,7,Gareth Delany,14,10,27,2,0,140,Out
T20I # 1855,Australia vs Ireland,8,Mark Adair,11,11,13,1,0,100,Out
T20I # 1855,Australia vs Ireland,9,Fionn Hand,6,6,10,1,0,100,Out
T20I # 1855,Australia vs Ireland,10,Barry McCarthy,3,7,16,0,0,42.85,Out
T20I # 1855,Australia vs Ireland,11,Josh Little,1,5,6,0,0,20,Out
T20I # 1856,Afghanistan vs Sri Lanka,1,Rahmanullah Gurbaz †,28,24,33,2,2,116.66,Out
T20I # 1856,Afghanistan vs Sri Lanka,2,Usman Ghani,27,27,54,2,1,100,Out
T20I # 1856,Afghanistan vs Sri Lanka,3,Ibrahim Zadran,22,18,35,1,1,122.22,Out
T20I # 1856,Afghanistan vs Sri Lanka,4,Najibullah Zadran,18,16,29,1,0,112.5,Out
T20I # 1856,Afghanistan vs Sri Lanka,5,Gulbadin Naib,12,14,25,0,0,85.71,Out
T20I # 1856,Afghanistan vs Sri Lanka,6,Mohammad Nabi (c),13,8,15,1,0,162.5,Out
T20I # 1856,Afghanistan vs Sri Lanka,7,Rashid Khan,9,8,10,1,0,112.5,Out
T20I # 1856,Afghanistan vs Sri Lanka,8,Azmatullah Omarzai,3,4,3,0,0,75,Not out
T20I # 1856,Afghanistan vs Sri Lanka,9,Mujeeb Ur Rahman,1,2,1,0,0,50,Out
T20I # 1856,Afghanistan vs Sri Lanka,1,Pathum Nissanka,10,10,10,2,0,100,Out
T20I # 1856,Afghanistan vs Sri Lanka,2,Kusal Mendis †,25,27,33,2,1,92.59,Out
T20I # 1856,Afghanistan vs Sri Lanka,3,Dhananjaya de Silva,66,42,78,6,2,157.14,Not out
T20I # 1856,Afghanistan vs Sri Lanka,4,Charith Asalanka,19,18,27,1,0,105.55,Out
T20I # 1856,Afghanistan vs Sri Lanka,5,Bhanuka Rajapaksa,18,14,24,3,0,128.57,Out
T20I # 1856,Afghanistan vs Sri Lanka,6,Dasun Shanaka (c),0,0,4,0,0,-,Not out
T20I # 1858,England vs New Zealand,1,Jos Buttler (c)†,73,47,82,7,2,155.31,Out
T20I # 1858,England vs New Zealand,2,Alex Hales,52,40,46,7,1,130,Out
T20I # 1858,England vs New Zealand,3,Moeen Ali,5,6,13,0,0,83.33,Out
T20I # 1858,England vs New Zealand,4,Liam Livingstone,20,14,20,1,1,142.85,Out
T20I # 1858,England vs New Zealand,5,Harry Brook,7,3,6,0,1,233.33,Out
T20I # 1858,England vs New Zealand,6,Ben Stokes,8,7,11,0,0,114.28,Out
T20I # 1858,England vs New Zealand,7,Sam Curran,6,3,7,0,1,200,Not out
T20I # 1858,England vs New Zealand,8,Dawid Malan,3,1,1,0,0,300,Not out
T20I # 1858,England vs New Zealand,1,Finn Allen,16,11,25,0,1,145.45,Out
T20I # 1858,England vs New Zealand,2,Devon Conway †,3,9,12,0,0,33.33,Out
T20I # 1858,England vs New Zealand,3,Kane Williamson (c),40,40,57,3,0,100,Out
T20I # 1858,England vs New Zealand,4,Glenn Phillips,62,36,64,4,3,172.22,Out
T20I # 1858,England vs New Zealand,5,James Neesham,6,3,7,1,0,200,Out
T20I # 1858,England vs New Zealand,6,Daryl Mitchell,3,5,10,0,0,60,Out
T20I # 1858,England vs New Zealand,7,Mitchell Santner,16,10,19,0,1,160,Not out
T20I # 1858,England vs New Zealand,8,Ish Sodhi,6,6,4,0,0,100,Not out
T20I # 1859,Netherlands vs Zimbabwe,1,Wessly Madhevere,1,5,9,0,0,20,Out
T20I # 1859,Netherlands vs Zimbabwe,2,Craig Ervine (c),3,12,18,0,0,25,Out
T20I # 1859,Netherlands vs Zimbabwe,3,Regis Chakabva †,5,16,18,1,0,31.25,Out
T20I # 1859,Netherlands vs Zimbabwe,4,Sean Williams,28,23,39,3,0,121.73,Out
T20I # 1859,Netherlands vs Zimbabwe,5,Sikandar Raza,40,24,46,3,3,166.66,Out
T20I # 1859,Netherlands vs Zimbabwe,6,Milton Shumba,2,3,6,0,0,66.66,Out
T20I # 1859,Netherlands vs Zimbabwe,7,Ryan Burl,2,7,19,0,0,28.57,Out
T20I # 1859,Netherlands vs Zimbabwe,8,Luke Jongwe,6,8,12,0,0,75,Out
T20I # 1859,Netherlands vs Zimbabwe,9,Richard Ngarava,9,7,12,0,1,128.57,Out
T20I # 1859,Netherlands vs Zimbabwe,10,Tendai Chatara,6,7,15,0,0,85.71,Not out
T20I # 1859,Netherlands vs Zimbabwe,11,Blessing Muzarabani,1,4,9,0,0,25,Out
T20I # 1859,Netherlands vs Zimbabwe,1,Stephan Myburgh,8,7,15,0,1,114.28,Out
T20I # 1859,Netherlands vs Zimbabwe,2,Max O'Dowd,52,47,70,8,1,110.63,Out
T20I # 1859,Netherlands vs Zimbabwe,3,Tom Cooper,32,29,42,2,1,110.34,Out
T20I # 1859,Netherlands vs Zimbabwe,4,Colin Ackermann,1,5,6,0,0,20,Out
T20I # 1859,Netherlands vs Zimbabwe,5,Bas de Leede,12,12,21,2,0,100,Not out
T20I # 1859,Netherlands vs Zimbabwe,6,Scott Edwards (c)†,5,6,8,1,0,83.33,Out
T20I # 1859,Netherlands vs Zimbabwe,7,Roelof van der Merwe,0,3,6,0,0,0,Not out
T20I # 1860,Bangladesh vs India,1,KL Rahul,50,32,49,3,4,156.25,Out
T20I # 1860,Bangladesh vs India,2,Rohit Sharma (c),2,8,18,0,0,25,Out
T20I # 1860,Bangladesh vs India,3,Virat Kohli,64,44,84,8,1,145.45,Not out
T20I # 1860,Bangladesh vs India,4,Suryakumar Yadav,30,16,18,4,0,187.5,Out
T20I # 1860,Bangladesh vs India,5,Hardik Pandya,5,6,8,0,0,83.33,Out
T20I # 1860,Bangladesh vs India,6,Dinesh Karthik †,7,5,12,1,0,140,Out
T20I # 1860,Bangladesh vs India,7,Axar Patel,7,6,6,1,0,116.66,Out
T20I # 1860,Bangladesh vs India,8,Ravichandran Ashwin,13,6,9,1,1,216.66,Not out
T20I # 1860,Bangladesh vs India,1,Najmul Hossain Shanto,21,25,50,1,1,84,Out
T20I # 1860,Bangladesh vs India,2,Litton Das,60,27,40,7,3,222.22,Out
T20I # 1860,Bangladesh vs India,3,Shakib Al Hasan (c),13,12,24,2,0,108.33,Out
T20I # 1860,Bangladesh vs India,4,Afif Hossain,3,5,12,0,0,60,Out
T20I # 1860,Bangladesh vs India,5,Yasir Ali,1,3,8,0,0,33.33,Out
T20I # 1860,Bangladesh vs India,6,Nurul Hasan †,25,14,29,2,1,178.57,Not out
T20I # 1860,Bangladesh vs India,7,Mosaddek Hossain,6,3,4,0,1,200,Out
T20I # 1860,Bangladesh vs India,8,Taskin Ahmed,12,7,22,1,1,171.42,Not out
T20I # 1861,Pakistan vs South Africa,1,Mohammad Rizwan †,4,4,4,1,0,100,Out
T20I # 1861,Pakistan vs South Africa,2,Babar Azam (c),6,15,29,0,0,40,Out
T20I # 1861,Pakistan vs South Africa,3,Mohammad Haris,28,11,19,2,3,254.54,Out
T20I # 1861,Pakistan vs South Africa,4,Shan Masood,2,6,11,0,0,33.33,Out
T20I # 1861,Pakistan vs South Africa,5,Iftikhar Ahmed,51,35,73,3,2,145.71,Out
T20I # 1861,Pakistan vs South Africa,6,Mohammad Nawaz,28,22,32,4,1,127.27,Out
T20I # 1861,Pakistan vs South Africa,7,Shadab Khan,52,22,31,3,4,236.36,Out
T20I # 1861,Pakistan vs South Africa,8,Mohammad Wasim,0,1,1,0,0,0,Out
T20I # 1861,Pakistan vs South Africa,9,Naseem Shah,5,3,3,0,0,166.66,Not out
T20I # 1861,Pakistan vs South Africa,10,Haris Rauf,3,2,2,0,0,150,Out
T20I # 1861,Pakistan vs South Africa,1,Temba Bavuma (c),36,19,39,4,1,189.47,Out
T20I # 1861,Pakistan vs South Africa,2,Quinton de Kock †,0,5,6,0,0,0,Out
T20I # 1861,Pakistan vs South Africa,3,Rilee Rossouw,7,6,10,0,1,116.66,Out
T20I # 1861,Pakistan vs South Africa,4,Aiden Markram,20,14,28,4,0,142.85,Out
T20I # 1861,Pakistan vs South Africa,5,Heinrich Klaasen,15,9,18,3,0,166.66,Out
T20I # 1861,Pakistan vs South Africa,6,Tristan Stubbs,18,18,28,0,1,100,Out
T20I # 1861,Pakistan vs South Africa,7,Wayne Parnell,3,4,9,0,0,75,Out
T20I # 1861,Pakistan vs South Africa,8,Kagiso Rabada,1,2,11,0,0,50,Out
T20I # 1861,Pakistan vs South Africa,9,Anrich Nortje,1,5,8,0,0,20,Out
T20I # 1861,Pakistan vs South Africa,10,Lungi Ngidi,4,1,5,1,0,400,Not out
T20I # 1861,Pakistan vs South Africa,11,Tabraiz Shamsi,1,1,3,0,0,100,Not out
T20I # 1862,Ireland vs New Zealand,1,Finn Allen,32,18,30,5,1,177.77,Out
T20I # 1862,Ireland vs New Zealand,2,Devon Conway †,28,33,55,2,0,84.84,Out
T20I # 1862,Ireland vs New Zealand,3,Kane Williamson (c),61,35,59,5,3,174.28,Out
T20I # 1862,Ireland vs New Zealand,4,Glenn Phillips,17,9,9,2,1,188.88,Out
T20I # 1862,Ireland vs New Zealand,6,Daryl Mitchell,31,21,35,2,0,147.61,Not out
T20I # 1862,Ireland vs New Zealand,6,James Neesham,0,1,3,0,0,0,Out
T20I # 1862,Ireland vs New Zealand,7,Mitchell Santner,0,1,2,0,0,0,Out
T20I # 1862,Ireland vs New Zealand,8,Tim Southee,1,2,7,0,0,50,Not out
T20I # 1862,Ireland vs New Zealand,1,Paul Stirling,37,27,39,3,1,137.03,Out
T20I # 1862,Ireland vs New Zealand,2,Andy Balbirnie (c),30,25,36,0,3,120,Out
T20I # 1862,Ireland vs New Zealand,3,Lorcan Tucker †,13,14,30,0,0,92.85,Out
T20I # 1862,Ireland vs New Zealand,4,Harry Tector,2,7,4,0,0,28.57,Out
T20I # 1862,Ireland vs New Zealand,5,Gareth Delany,10,8,12,2,0,125,Out
T20I # 1862,Ireland vs New Zealand,6,George Dockrell,23,15,24,3,0,153.33,Out
T20I # 1862,Ireland vs New Zealand,7,Curtis Campher,7,7,10,1,0,100,Out
T20I # 1862,Ireland vs New Zealand,8,Fionn Hand,5,3,7,1,0,166.66,Out
T20I # 1862,Ireland vs New Zealand,9,Mark Adair,4,5,9,0,0,80,Out
T20I # 1862,Ireland vs New Zealand,10,Barry McCarthy,6,5,10,0,0,120,Not out
T20I # 1862,Ireland vs New Zealand,11,Josh Little,8,4,3,0,1,200,Not out
T20I # 1864,Australia vs Afghanistan,1,David Warner,25,18,28,5,0,138.88,Out
T20I # 1864,Australia vs Afghanistan,2,Cameron Green,3,2,12,0,0,150,Out
T20I # 1864,Australia vs Afghanistan,3,Mitchell Marsh,45,30,42,3,2,150,Out
T20I # 1864,Australia vs Afghanistan,4,Steven Smith,4,4,6,1,0,100,Out
T20I # 1864,Australia vs Afghanistan,5,Marcus Stoinis,25,21,41,0,2,119.04,Out
T20I # 1864,Australia vs Afghanistan,6,Glenn Maxwell,54,32,46,6,2,168.75,Not out
T20I # 1864,Australia vs Afghanistan,7,Matthew Wade (c)†,6,8,14,1,0,75,Out
T20I # 1864,Australia vs Afghanistan,8,Pat Cummins,0,2,4,0,0,0,Out
T20I # 1864,Australia vs Afghanistan,9,Kane Richardson,1,1,6,0,0,100,Out
T20I # 1864,Australia vs Afghanistan,10,Adam Zampa,1,1,5,0,0,100,Not out
T20I # 1864,Australia vs Afghanistan,1,Rahmanullah Gurbaz †,30,17,31,2,2,176.47,Out
T20I # 1864,Australia vs Afghanistan,2,Usman Ghani,2,7,16,0,0,28.57,Out
T20I # 1864,Australia vs Afghanistan,3,Ibrahim Zadran,26,33,55,2,0,78.78,Out
T20I # 1864,Australia vs Afghanistan,4,Gulbadin Naib,39,23,38,3,2,169.56,Out
T20I # 1864,Australia vs Afghanistan,5,Mohammad Nabi (c),1,2,10,0,0,50,Out
T20I # 1864,Australia vs Afghanistan,6,Najibullah Zadran,0,2,3,0,0,0,Out
T20I # 1864,Australia vs Afghanistan,7,Darwish Rasooli,15,13,28,1,0,115.38,Out
T20I # 1864,Australia vs Afghanistan,8,Rashid Khan,48,23,27,3,4,208.69,Not out
T20I # 1864,Australia vs Afghanistan,9,Naveen-ul-Haq,0,0,4,0,0,-,Not out
T20I # 1867,England vs Sri Lanka,1,Pathum Nissanka,67,45,70,2,5,148.88,Out
T20I # 1867,England vs Sri Lanka,2,Kusal Mendis †,18,14,21,1,1,128.57,Out
T20I # 1867,England vs Sri Lanka,3,Dhananjaya de Silva,9,11,17,0,0,81.81,Out
T20I # 1867,England vs Sri Lanka,4,Charith Asalanka,8,9,15,0,0,88.88,Out
T20I # 1867,England vs Sri Lanka,5,Bhanuka Rajapaksa,22,22,41,3,0,100,Out
T20I # 1867,England vs Sri Lanka,6,Dasun Shanaka (c),3,8,12,0,0,37.5,Out
T20I # 1867,England vs Sri Lanka,7,Wanindu Hasaranga de Silva,9,9,13,1,0,100,Out
T20I # 1867,England vs Sri Lanka,8,Chamika Karunaratne,0,2,3,0,0,0,Out
T20I # 1867,England vs Sri Lanka,9,Maheesh Theekshana,0,0,2,0,0,-,Not out
T20I # 1867,England vs Sri Lanka,1,Jos Buttler (c)†,28,23,35,2,1,121.73,Out
T20I # 1867,England vs Sri Lanka,2,Alex Hales,47,30,42,7,1,156.66,Out
T20I # 1867,England vs Sri Lanka,3,Ben Stokes,42,36,59,2,0,116.66,Not out
T20I # 1867,England vs Sri Lanka,4,Harry Brook,4,5,9,0,0,80,Out
T20I # 1867,England vs Sri Lanka,5,Liam Livingstone,4,6,10,0,0,66.66,Out
T20I # 1867,England vs Sri Lanka,6,Moeen Ali,1,5,8,0,0,20,Out
T20I # 1867,England vs Sri Lanka,7,Sam Curran,6,11,16,0,0,54.54,Out
T20I # 1867,England vs Sri Lanka,8,Chris Woakes,5,3,11,1,0,166.66,Not out
T20I # 1871,Netherlands vs South Africa,1,Stephan Myburgh,37,30,41,7,0,123.33,Out
T20I # 1871,Netherlands vs South Africa,2,Max O'Dowd,29,31,61,1,1,93.54,Out
T20I # 1871,Netherlands vs South Africa,3,Tom Cooper,35,19,30,2,2,184.21,Out
T20I # 1871,Netherlands vs South Africa,4,Colin Ackermann,41,26,31,3,2,157.69,Not out
T20I # 1871,Netherlands vs South Africa,5,Bas de Leede,1,7,11,0,0,14.28,Out
T20I # 1871,Netherlands vs South Africa,6,Scott Edwards (c)†,12,7,11,2,0,171.42,Not out
T20I # 1871,Netherlands vs South Africa,2,Quinton de Kock †,13,13,12,1,1,100,Out
T20I # 1871,Netherlands vs South Africa,2,Temba Bavuma (c),20,20,26,2,0,100,Out
T20I # 1871,Netherlands vs South Africa,3,Rilee Rossouw,25,19,29,2,0,131.57,Out
T20I # 1871,Netherlands vs South Africa,4,Aiden Markram,17,13,30,2,0,130.76,Out
T20I # 1871,Netherlands vs South Africa,5,David Miller,17,17,28,1,0,100,Out
T20I # 1871,Netherlands vs South Africa,6,Heinrich Klaasen,21,18,27,0,1,116.66,Out
T20I # 1871,Netherlands vs South Africa,7,Wayne Parnell,0,2,3,0,0,0,Out
T20I # 1871,Netherlands vs South Africa,8,Keshav Maharaj,13,12,20,0,1,108.33,Out
T20I # 1871,Netherlands vs South Africa,9,Kagiso Rabada,9,8,13,0,0,112.5,Not out
T20I # 1871,Netherlands vs South Africa,10,Anrich Nortje,4,1,2,1,0,400,Not out
T20I # 1872,Bangladesh vs Pakistan,1,Najmul Hossain Shanto,54,48,66,7,0,112.5,Out
T20I # 1872,Bangladesh vs Pakistan,2,Litton Das,10,8,15,0,1,125,Out
T20I # 1872,Bangladesh vs Pakistan,3,Soumya Sarkar,20,17,38,1,1,117.64,Out
T20I # 1872,Bangladesh vs Pakistan,4,Shakib Al Hasan (c),0,1,4,0,0,0,Out
T20I # 1872,Bangladesh vs Pakistan,5,Afif Hossain,24,20,47,3,0,120,Not out
T20I # 1872,Bangladesh vs Pakistan,6,Mosaddek Hossain,5,11,17,0,0,45.45,Out
T20I # 1872,Bangladesh vs Pakistan,7,Nurul Hasan †,0,3,4,0,0,0,Out
T20I # 1872,Bangladesh vs Pakistan,8,Taskin Ahmed,1,5,8,0,0,20,Out
T20I # 1872,Bangladesh vs Pakistan,9,Nasum Ahmed,7,6,9,1,0,116.66,Out
T20I # 1872,Bangladesh vs Pakistan,10,Mustafizur Rahman,0,1,1,0,0,0,Not out
T20I # 1872,Bangladesh vs Pakistan,1,Mohammad Rizwan †,32,32,51,2,1,100,Out
T20I # 1872,Bangladesh vs Pakistan,2,Babar Azam (c),25,33,46,2,0,75.75,Out
T20I # 1872,Bangladesh vs Pakistan,3,Mohammad Nawaz,4,11,27,0,0,36.36,Out
T20I # 1872,Bangladesh vs Pakistan,4,Mohammad Haris,31,18,31,1,2,172.22,Out
T20I # 1872,Bangladesh vs Pakistan,5,Shan Masood,24,14,20,2,0,171.42,Not out
T20I # 1872,Bangladesh vs Pakistan,6,Iftikhar Ahmed,1,3,8,0,0,33.33,Out
T20I # 1872,Bangladesh vs Pakistan,7,Shadab Khan,0,0,2,0,0,-,Not out
T20I # 1873,India vs Zimbabwe,1,KL Rahul,51,35,59,3,3,145.71,Out
T20I # 1873,India vs Zimbabwe,2,Rohit Sharma (c),15,13,20,2,0,115.38,Out
T20I # 1873,India vs Zimbabwe,3,Virat Kohli,26,25,36,2,0,104,Out
T20I # 1873,India vs Zimbabwe,4,Suryakumar Yadav,61,25,44,6,4,244,Not out
T20I # 1873,India vs Zimbabwe,5,Rishabh Pant †,3,5,7,0,0,60,Out
T20I # 1873,India vs Zimbabwe,6,Hardik Pandya,18,18,29,2,0,100,Out
T20I # 1873,India vs Zimbabwe,7,Axar Patel,0,0,6,0,0,-,Not out
T20I # 1873,India vs Zimbabwe,1,Wessly Madhevere,0,1,1,0,0,0,Out
T20I # 1873,India vs Zimbabwe,2,Craig Ervine (c),13,15,37,2,0,86.66,Out
T20I # 1873,India vs Zimbabwe,3,Regis Chakabva †,0,6,9,0,0,0,Out
T20I # 1873,India vs Zimbabwe,4,Sean Williams,11,18,22,0,1,61.11,Out
T20I # 1873,India vs Zimbabwe,5,Sikandar Raza,34,24,53,3,0,141.66,Out
T20I # 1873,India vs Zimbabwe,6,Tony Munyonga,5,4,6,1,0,125,Out
T20I # 1873,India vs Zimbabwe,7,Ryan Burl,35,22,27,5,1,159.09,Out
T20I # 1873,India vs Zimbabwe,8,Wellington Masakadza,1,7,8,0,0,14.28,Out
T20I # 1873,India vs Zimbabwe,9,Richard Ngarava,1,2,4,0,0,50,Out
T20I # 1873,India vs Zimbabwe,10,Tendai Chatara,4,4,11,1,0,100,Out
T20I # 1873,India vs Zimbabwe,11,Blessing Muzarabani,0,2,5,0,0,0,Not out
T20I # 1877,New Zealand vs Pakistan,1,Finn Allen,4,3,6,1,0,133.33,Out
T20I # 1877,New Zealand vs Pakistan,2,Devon Conway †,21,20,35,3,0,105,Out
T20I # 1877,New Zealand vs Pakistan,3,Kane Williamson (c),46,42,81,1,1,109.52,Out
T20I # 1877,New Zealand vs Pakistan,4,Glenn Phillips,6,8,9,1,0,75,Out
T20I # 1877,New Zealand vs Pakistan,6,Daryl Mitchell,53,35,60,3,1,151.42,Not out
T20I # 1877,New Zealand vs Pakistan,6,James Neesham,16,12,19,1,0,133.33,Not out
T20I # 1877,New Zealand vs Pakistan,1,Mohammad Rizwan †,57,43,77,5,0,132.55,Out
T20I # 1877,New Zealand vs Pakistan,2,Babar Azam (c),53,42,56,7,0,126.19,Out
T20I # 1877,New Zealand vs Pakistan,3,Mohammad Haris,30,26,32,2,1,115.38,Out
T20I # 1877,New Zealand vs Pakistan,4,Shan Masood,3,4,13,0,0,75,Not out
T20I # 1877,New Zealand vs Pakistan,5,Iftikhar Ahmed,0,0,3,0,0,-,Not out
T20I # 1878,England vs India,1,KL Rahul,5,5,8,1,0,100,Out
T20I # 1878,England vs India,2,Rohit Sharma (c),27,28,37,4,0,96.42,Out
T20I # 1878,England vs India,3,Virat Kohli,50,40,75,4,1,125,Out
T20I # 1878,England vs India,4,Suryakumar Yadav,14,10,14,1,1,140,Out
T20I # 1878,England vs India,5,Hardik Pandya,63,33,47,4,5,190.9,Out
T20I # 1878,England vs India,6,Rishabh Pant †,6,4,13,1,0,150,Out
T20I # 1878,England vs India,7,Ravichandran Ashwin,0,0,4,0,0,-,Not out
T20I # 1878,England vs India,1,Jos Buttler (c)†,80,49,74,9,3,163.26,Not out
T20I # 1878,England vs India,2,Alex Hales,86,47,74,4,7,182.97,Not out
T20I # 1879,England vs Pakistan,1,Mohammad Rizwan †,15,14,24,0,1,107.14,Out
T20I # 1879,England vs Pakistan,2,Babar Azam (c),32,28,58,2,0,114.28,Out
T20I # 1879,England vs Pakistan,3,Mohammad Haris,8,12,15,1,0,66.66,Out
T20I # 1879,England vs Pakistan,4,Shan Masood,38,28,46,2,1,135.71,Out
T20I # 1879,England vs Pakistan,5,Iftikhar Ahmed,0,6,8,0,0,0,Out
T20I # 1879,England vs Pakistan,6,Shadab Khan,20,14,26,2,0,142.85,Out
T20I # 1879,England vs Pakistan,7,Mohammad Nawaz,5,7,11,0,0,71.42,Out
T20I # 1879,England vs Pakistan,8,Mohammad Wasim,4,8,12,0,0,50,Out
T20I # 1879,England vs Pakistan,9,Shaheen Shah Afridi,5,3,8,1,0,166.66,Not out
T20I # 1879,England vs Pakistan,10,Haris Rauf,1,1,3,0,0,100,Not out
T20I # 1879,England vs Pakistan,1,Jos Buttler (c)†,26,17,33,3,1,152.94,Out
T20I # 1879,England vs Pakistan,2,Alex Hales,1,2,6,0,0,50,Out
T20I # 1879,England vs Pakistan,3,Phil Salt,10,9,16,2,0,111.11,Out
T20I # 1879,England vs Pakistan,4,Ben Stokes,52,49,81,5,1,106.12,Not out
T20I # 1879,England vs Pakistan,5,Harry Brook,20,23,36,1,0,86.95,Out
T20I # 1879,England vs Pakistan,6,Moeen Ali,19,13,30,3,0,146.15,Out
T20I # 1879,England vs Pakistan,7,Liam Livingstone,1,1,3,0,0,100,Not out
