Match,Match_id,BOWLING,O,M,R,W,ECON,0s,4s,6s,WD,NB
Namibia vs Sri Lanka,T20I # 1823,Maheesh Theekshana,4,0,23,1,5.75,7,0,0,2,0
Namibia vs Sri Lanka,T20I # 1823,Dushmantha Chameera,4,0,39,1,9.75,6,3,1,2,0
Namibia vs Sri Lanka,T20I # 1823,Pramod Madushan,4,0,37,2,9.25,6,3,1,0,0
Namibia vs Sri Lanka,T20I # 1823,Chamika Karunaratne,4,0,36,1,9,7,3,1,1,0
Namibia vs Sri Lanka,T20I # 1823,Wanindu Hasaranga de Silva,4,0,27,1,6.75,8,1,1,0,0
Namibia vs Sri Lanka,T20I # 1823,Gerhard Erasmus,1,0,8,0,8,1,1,0,0,0
Namibia vs Sri Lanka,T20I # 1823,David Wiese,4,0,16,2,4,13,1,0,0,0
Namibia vs Sri Lanka,T20I # 1823,Bernard Scholtz,4,0,18,2,4.5,10,1,0,0,0
Namibia vs Sri Lanka,T20I # 1823,Ben Shikongo,3,1,22,2,7.33,6,3,0,0,0
Namibia vs Sri Lanka,T20I # 1823,JJ Smit,3,0,16,1,5.33,7,0,0,1,0
Namibia vs Sri Lanka,T20I # 1823,Jan Frylinck,4,0,26,2,6.5,10,0,2,1,0
Netherlands vs U.A.E.,T20I # 1825,Fred Klaassen,4,0,13,2,3.25,18,0,0,3,0
Netherlands vs U.A.E.,T20I # 1825,Tim Pringle,4,0,13,1,3.25,11,0,0,0,0
Netherlands vs U.A.E.,T20I # 1825,Logan van Beek,2,0,19,0,9.5,5,0,2,1,0
Netherlands vs U.A.E.,T20I # 1825,Bas de Leede,3,0,19,3,6.33,9,2,0,2,0
Netherlands vs U.A.E.,T20I # 1825,Paul van Meekeren,4,0,21,0,5.25,11,1,0,0,0
Netherlands vs U.A.E.,T20I # 1825,Roelof van der Merwe,3,0,19,1,6.33,7,0,1,0,0
Netherlands vs U.A.E.,T20I # 1825,Junaid Siddique,4,0,24,3,6,10,2,0,1,0
Netherlands vs U.A.E.,T20I # 1825,Basil Hameed,1,0,7,1,7,4,0,1,0,0
Netherlands vs U.A.E.,T20I # 1825,Aayan Afzal Khan,3,0,15,1,5,8,1,0,0,0
Netherlands vs U.A.E.,T20I # 1825,Karthik Meiyappan,4,0,22,1,5.5,11,2,0,0,0
Netherlands vs U.A.E.,T20I # 1825,Zahoor Khan,4,0,11,1,2.75,14,0,0,0,0
Netherlands vs U.A.E.,T20I # 1825,Zawar Farid,2.5,0,24,0,8.47,2,2,0,0,0
Netherlands vs U.A.E.,T20I # 1825,Kashif Daud,1,0,5,0,5,1,0,0,0,0
Scotland vs West Indies,T20I # 1826,Kyle Mayers,2,0,24,0,12,5,5,0,2,0
Scotland vs West Indies,T20I # 1826,Akeal Hosein,4,0,31,0,7.75,8,2,1,0,0
Scotland vs West Indies,T20I # 1826,Alzarri Joseph,4,0,28,2,7,9,3,0,2,0
Scotland vs West Indies,T20I # 1826,Obed McCoy,3,0,25,0,8.33,6,4,0,0,0
Scotland vs West Indies,T20I # 1826,Jason Holder,3,0,14,2,4.66,8,1,0,0,0
Scotland vs West Indies,T20I # 1826,Odean Smith,4,0,31,1,7.75,6,3,0,1,0
Scotland vs West Indies,T20I # 1826,Mark Watt,4,0,12,3,3,16,1,0,1,0
Scotland vs West Indies,T20I # 1826,Brad Wheal,4,0,32,2,8,10,4,1,0,0
Scotland vs West Indies,T20I # 1826,Josh Davey,3,0,34,1,11.33,8,4,2,1,0
Scotland vs West Indies,T20I # 1826,Safyaan Sharif,3.3,0,23,1,6.57,7,2,0,2,0
Scotland vs West Indies,T20I # 1826,Michael Leask,4,0,15,2,3.75,11,0,0,1,0
Ireland vs Zimbabwe,T20I # 1828,Josh Little,4,0,24,3,6,11,3,0,0,0
Ireland vs Zimbabwe,T20I # 1828,Mark Adair,4,0,39,2,9.75,6,3,1,2,0
Ireland vs Zimbabwe,T20I # 1828,Barry McCarthy,4,0,24,0,6,11,2,0,2,0
Ireland vs Zimbabwe,T20I # 1828,Curtis Campher,3,0,29,0,9.66,6,2,2,0,0
Ireland vs Zimbabwe,T20I # 1828,Simi Singh,3,0,31,2,10.33,5,2,2,1,0
Ireland vs Zimbabwe,T20I # 1828,Gareth Delany,2,0,21,0,10.5,4,2,1,1,0
Ireland vs Zimbabwe,T20I # 1828,Richard Ngarava,4,0,22,2,5.5,13,3,0,0,0
Ireland vs Zimbabwe,T20I # 1828,Tendai Chatara,4,0,22,2,5.5,13,1,1,2,0
Ireland vs Zimbabwe,T20I # 1828,Blessing Muzarabani,4,0,23,3,5.75,14,0,2,0,1
Ireland vs Zimbabwe,T20I # 1828,Luke Jongwe,2,0,24,0,12,1,4,0,0,0
Ireland vs Zimbabwe,T20I # 1828,Sean Williams,3,0,20,1,6.66,3,0,0,0,0
Ireland vs Zimbabwe,T20I # 1828,Sikandar Raza,3,0,22,1,7.33,8,1,1,1,0
Namibia vs Netherlands,T20I # 1830,Fred Klaassen,3,0,15,0,5,11,1,0,0,0
Namibia vs Netherlands,T20I # 1830,Tim Pringle,3,0,15,1,5,8,0,0,0,0
Namibia vs Netherlands,T20I # 1830,Bas de Leede,3,0,18,2,6,6,1,0,0,0
Namibia vs Netherlands,T20I # 1830,Colin Ackermann,3,0,17,1,5.66,8,2,0,0,0
Namibia vs Netherlands,T20I # 1830,Paul van Meekeren,4,0,18,1,4.5,11,1,0,1,0
Namibia vs Netherlands,T20I # 1830,Timm van der Gugten,3,0,29,0,9.66,4,1,1,2,0
Namibia vs Netherlands,T20I # 1830,Roelof van der Merwe,1,0,6,1,6,1,0,0,1,0
Namibia vs Netherlands,T20I # 1830,Bernard Scholtz,4,0,21,1,5.25,10,0,1,0,0
Namibia vs Netherlands,T20I # 1830,David Wiese,2.3,0,22,0,8.8,4,3,0,0,0
Namibia vs Netherlands,T20I # 1830,Gerhard Erasmus,3,0,13,0,4.33,8,0,0,1,0
Namibia vs Netherlands,T20I # 1830,Ben Shikongo,1,0,18,0,18,1,0,2,1,0
Namibia vs Netherlands,T20I # 1830,JJ Smit,4,0,24,2,6,9,2,0,0,0
Namibia vs Netherlands,T20I # 1830,Jan Frylinck,4,1,16,1,4,11,1,0,0,0
Namibia vs Netherlands,T20I # 1830,Jan Nicol Loftie-Eaton,1,0,8,0,8,2,1,0,0,1
Sri Lanka vs U.A.E.,T20I # 1832,Junaid Siddique,4,0,36,0,9,8,2,1,2,0
Sri Lanka vs U.A.E.,T20I # 1832,Kashif Daud,1,0,14,0,14,0,2,0,0,0
Sri Lanka vs U.A.E.,T20I # 1832,Zahoor Khan,4,0,26,2,6.5,10,3,0,0,0
Sri Lanka vs U.A.E.,T20I # 1832,Aayan Afzal Khan,3,0,16,1,5.33,7,1,0,0,0
Sri Lanka vs U.A.E.,T20I # 1832,Aryan Lakra,3,0,24,1,8,5,3,0,0,0
Sri Lanka vs U.A.E.,T20I # 1832,Karthik Meiyappan,4,0,19,3,4.75,12,0,1,0,0
Sri Lanka vs U.A.E.,T20I # 1832,Basil Hameed,1,0,13,0,13,1,1,1,0,0
Sri Lanka vs U.A.E.,T20I # 1832,Pramod Madushan,3,0,14,1,4.66,12,2,0,1,0
Sri Lanka vs U.A.E.,T20I # 1832,Maheesh Theekshana,3.1,0,15,2,4.73,10,2,0,0,0
Sri Lanka vs U.A.E.,T20I # 1832,Dushmantha Chameera,3.5,0,15,3,3.91,16,0,1,0,0
Sri Lanka vs U.A.E.,T20I # 1832,Chamika Karunaratne,2,0,14,0,7,5,2,0,0,0
Sri Lanka vs U.A.E.,T20I # 1832,Wanindu Hasaranga de Silva,4,1,8,3,2,17,0,0,0,0
Sri Lanka vs U.A.E.,T20I # 1832,Dasun Shanaka,1.1,0,7,1,6,3,0,0,1,0
Ireland vs Scotland,T20I # 1833,Josh Little,4,0,30,1,7.5,10,2,1,1,0
Ireland vs Scotland,T20I # 1833,Mark Adair,4,0,23,1,5.75,12,2,0,2,0
Ireland vs Scotland,T20I # 1833,Barry McCarthy,4,0,59,0,14.75,4,6,3,1,1
Ireland vs Scotland,T20I # 1833,Gareth Delany,3,0,28,0,9.33,3,2,1,0,0
Ireland vs Scotland,T20I # 1833,Simi Singh,2,0,16,0,8,2,2,0,0,0
Ireland vs Scotland,T20I # 1833,Curtis Campher,2,0,9,2,4.5,7,1,0,0,0
Ireland vs Scotland,T20I # 1833,George Dockrell,1,0,9,0,9,1,1,0,0,0
Ireland vs Scotland,T20I # 1833,Mark Watt,4,0,39,1,9.75,10,2,1,2,0
Ireland vs Scotland,T20I # 1833,Brad Wheal,4,0,25,1,6.25,11,2,1,0,0
Ireland vs Scotland,T20I # 1833,Josh Davey,4,0,46,0,11.5,5,8,0,1,0
Ireland vs Scotland,T20I # 1833,Safyaan Sharif,3,0,32,1,10.66,3,4,0,1,0
Ireland vs Scotland,T20I # 1833,Chris Greaves,2,0,18,0,9,1,0,1,1,0
Ireland vs Scotland,T20I # 1833,Michael Leask,2,0,16,1,8,2,1,0,0,0
West Indies vs Zimbabwe,T20I # 1834,Richard Ngarava,3,0,20,0,6.66,9,1,1,1,0
West Indies vs Zimbabwe,T20I # 1834,Tendai Chatara,3,0,22,0,7.33,5,2,0,2,0
West Indies vs Zimbabwe,T20I # 1834,Blessing Muzarabani,4,0,38,2,9.5,10,2,2,2,1
West Indies vs Zimbabwe,T20I # 1834,Ryan Burl,3,0,27,0,9,5,3,1,0,0
West Indies vs Zimbabwe,T20I # 1834,Sikandar Raza,4,0,19,3,4.75,7,0,0,0,0
West Indies vs Zimbabwe,T20I # 1834,Sean Williams,3,0,17,1,5.66,7,1,0,0,1
West Indies vs Zimbabwe,T20I # 1834,Kyle Mayers,1,0,17,0,17,3,3,0,1,0
West Indies vs Zimbabwe,T20I # 1834,Akeal Hosein,4,0,25,1,6.25,12,1,1,1,1
West Indies vs Zimbabwe,T20I # 1834,Alzarri Joseph,4,0,16,4,4,16,1,1,0,0
West Indies vs Zimbabwe,T20I # 1834,Obed McCoy,3,0,19,1,6.33,9,3,0,0,0
West Indies vs Zimbabwe,T20I # 1834,Jason Holder,3.2,0,12,3,3.6,12,1,0,0,0
West Indies vs Zimbabwe,T20I # 1834,Odean Smith,3,0,31,1,10.33,8,4,1,1,1
Netherlands vs Sri Lanka,T20I # 1835,Fred Klaassen,4,0,34,1,8.5,9,1,2,0,0
Netherlands vs Sri Lanka,T20I # 1835,Tim Pringle,3,0,22,0,7.33,8,0,2,0,0
Netherlands vs Sri Lanka,T20I # 1835,Roelof van der Merwe,3,0,16,0,5.33,10,2,0,0,0
Netherlands vs Sri Lanka,T20I # 1835,Paul van Meekeren,4,0,25,2,6.25,11,3,0,1,0
Netherlands vs Sri Lanka,T20I # 1835,Bas de Leede,3,0,31,2,10.33,5,2,2,0,0
Netherlands vs Sri Lanka,T20I # 1835,Timm van der Gugten,3,0,31,1,10.33,3,2,1,0,0
Netherlands vs Sri Lanka,T20I # 1835,Dhananjaya de Silva,1,0,5,0,5,1,0,0,0,0
Netherlands vs Sri Lanka,T20I # 1835,Lahiru Kumara,4,0,28,1,7,14,2,1,1,0
Netherlands vs Sri Lanka,T20I # 1835,Binura Fernando,4,0,33,1,8.25,11,4,1,1,0
Netherlands vs Sri Lanka,T20I # 1835,Maheesh Theekshana,4,0,32,2,8,12,1,2,2,1
Netherlands vs Sri Lanka,T20I # 1835,Wanindu Hasaranga de Silva,4,0,28,3,7,11,3,0,0,0
Netherlands vs Sri Lanka,T20I # 1835,Chamika Karunaratne,2,0,11,0,5.5,6,1,0,1,0
Netherlands vs Sri Lanka,T20I # 1835,Dasun Shanaka,1,0,7,0,7,3,1,0,0,0
Namibia vs U.A.E.,T20I # 1836,Ruben Trumpelmann,4,0,22,0,5.5,10,0,0,3,0
Namibia vs U.A.E.,T20I # 1836,David Wiese,4,0,27,1,6.75,12,2,1,1,0
Namibia vs U.A.E.,T20I # 1836,Bernard Scholtz,4,0,22,1,5.5,11,1,1,0,0
Namibia vs U.A.E.,T20I # 1836,JJ Smit,4,0,39,0,9.75,11,2,3,0,0
Namibia vs U.A.E.,T20I # 1836,Jan Frylinck,3,0,30,0,10,3,2,1,1,0
Namibia vs U.A.E.,T20I # 1836,Ben Shikongo,1,0,8,1,8,1,1,0,0,0
Namibia vs U.A.E.,T20I # 1836,Basil Hameed,3,0,17,2,5.66,10,2,0,0,0
Namibia vs U.A.E.,T20I # 1836,Junaid Siddique,4,0,35,1,8.75,8,3,1,2,0
Namibia vs U.A.E.,T20I # 1836,Zahoor Khan,4,0,20,2,5,15,1,0,2,2
Namibia vs U.A.E.,T20I # 1836,Ahmed Raza,1,0,9,0,9,1,1,0,0,0
Namibia vs U.A.E.,T20I # 1836,Karthik Meiyappan,4,0,34,1,8.5,8,2,2,0,0
Namibia vs U.A.E.,T20I # 1836,Aayan Afzal Khan,2,0,7,0,3.5,5,0,0,0,0
Namibia vs U.A.E.,T20I # 1836,Muhammad Waseem,2,0,16,1,8,3,0,1,0,0
Ireland vs West Indies,T20I # 1837,Josh Little,4,0,31,0,7.75,8,1,2,1,0
Ireland vs West Indies,T20I # 1837,Mark Adair,4,0,26,0,6.5,12,1,1,4,0
Ireland vs West Indies,T20I # 1837,Barry McCarthy,4,0,33,1,8.25,9,3,1,1,0
Ireland vs West Indies,T20I # 1837,Curtis Campher,2,0,28,0,14,2,4,1,0,0
Ireland vs West Indies,T20I # 1837,Simi Singh,2,0,11,1,5.5,4,1,0,0,0
Ireland vs West Indies,T20I # 1837,Gareth Delany,4,0,16,3,4,12,1,0,1,0
Ireland vs West Indies,T20I # 1837,Obed McCoy,3.3,0,27,0,7.71,11,2,2,0,0
Ireland vs West Indies,T20I # 1837,Akeal Hosein,4,0,38,1,9.5,5,2,2,0,0
Ireland vs West Indies,T20I # 1837,Alzarri Joseph,4,0,39,0,9.75,9,3,2,1,0
Ireland vs West Indies,T20I # 1837,Odean Smith,2,0,23,0,11.5,4,3,1,0,1
Ireland vs West Indies,T20I # 1837,Jason Holder,4,0,23,0,5.75,7,1,0,0,0
Scotland vs Zimbabwe,T20I # 1838,Tendai Chatara,4,1,14,2,3.5,14,1,0,0,0
Scotland vs Zimbabwe,T20I # 1838,Richard Ngarava,4,0,28,2,7,12,4,0,1,1
Scotland vs Zimbabwe,T20I # 1838,Blessing Muzarabani,4,0,34,1,8.5,9,5,0,0,2
Scotland vs Zimbabwe,T20I # 1838,Sean Williams,3,0,19,0,6.33,4,1,0,0,0
Scotland vs Zimbabwe,T20I # 1838,Sikandar Raza,4,0,20,1,5,10,0,0,2,0
Scotland vs Zimbabwe,T20I # 1838,Wessly Madhevere,1,0,7,0,7,1,0,0,0,0
Scotland vs Zimbabwe,T20I # 1838,Brad Wheal,4,0,26,1,6.5,12,4,0,0,0
Scotland vs Zimbabwe,T20I # 1838,Josh Davey,3,0,16,2,5.33,8,1,0,0,1
Scotland vs Zimbabwe,T20I # 1838,Safyaan Sharif,2.3,0,23,0,9.2,4,3,0,0,1
Scotland vs Zimbabwe,T20I # 1838,Mark Watt,4,0,19,1,4.75,9,1,0,0,0
Scotland vs Zimbabwe,T20I # 1838,Michael Leask,4,0,36,1,9,4,2,1,0,0
Scotland vs Zimbabwe,T20I # 1838,Calum MacLeod,1,0,11,0,11,0,0,1,0,0
Australia vs New Zealand,T20I # 1839,Mitchell Starc,4,0,36,0,9,5,3,1,0,0
Australia vs New Zealand,T20I # 1839,Josh Hazlewood,4,0,41,2,10.25,8,5,1,1,0
Australia vs New Zealand,T20I # 1839,Pat Cummins,4,0,46,0,11.5,8,4,2,2,0
Australia vs New Zealand,T20I # 1839,Marcus Stoinis,4,0,38,0,9.5,3,1,2,1,0
Australia vs New Zealand,T20I # 1839,Adam Zampa,4,0,39,1,9.75,4,2,2,1,0
Australia vs New Zealand,T20I # 1839,Trent Boult,4,0,24,2,6,13,2,1,1,0
Australia vs New Zealand,T20I # 1839,Tim Southee,2.1,0,6,3,2.76,10,1,0,0,0
Australia vs New Zealand,T20I # 1839,Mitchell Santner,4,0,31,3,7.75,10,2,2,0,0
Australia vs New Zealand,T20I # 1839,Lockie Ferguson,3,0,20,1,6.66,9,2,1,0,0
Australia vs New Zealand,T20I # 1839,Ish Sodhi,4,0,29,1,7.25,8,2,1,1,0
Afghanistan vs England,T20I # 1840,Ben Stokes,4,0,19,2,4.75,14,2,0,1,0
Afghanistan vs England,T20I # 1840,Chris Woakes,4,0,24,1,6,15,2,1,1,0
Afghanistan vs England,T20I # 1840,Mark Wood,4,0,23,2,5.75,14,2,1,0,0
Afghanistan vs England,T20I # 1840,Sam Curran,3.4,0,10,5,2.72,16,1,0,1,0
Afghanistan vs England,T20I # 1840,Adil Rashid,4,0,32,0,8,4,1,1,0,0
Afghanistan vs England,T20I # 1840,Fazalhaq Farooqi,4,0,24,1,6,15,2,1,3,0
Afghanistan vs England,T20I # 1840,Azmatullah Omarzai,1.1,0,11,0,9.42,2,1,0,3,0
Afghanistan vs England,T20I # 1840,Mujeeb Ur Rahman,4,0,22,1,5.5,10,1,0,0,0
Afghanistan vs England,T20I # 1840,Rashid Khan,4,0,17,1,4.25,10,0,0,0,0
Afghanistan vs England,T20I # 1840,Fareed Ahmad,2,0,23,1,11.5,2,2,0,1,0
Afghanistan vs England,T20I # 1840,Mohammad Nabi,3,0,16,1,5.33,6,0,0,0,0
Ireland vs Sri Lanka,T20I # 1841,Binura Fernando,4,0,27,1,6.75,10,3,0,1,0
Ireland vs Sri Lanka,T20I # 1841,Lahiru Kumara,2,0,12,1,6,6,2,0,0,0
Ireland vs Sri Lanka,T20I # 1841,Maheesh Theekshana,4,0,19,2,4.75,8,1,0,0,0
Ireland vs Sri Lanka,T20I # 1841,Chamika Karunaratne,4,0,29,1,7.25,7,2,1,0,0
Ireland vs Sri Lanka,T20I # 1841,Wanindu Hasaranga de Silva,4,0,25,2,6.25,6,0,1,0,0
Ireland vs Sri Lanka,T20I # 1841,Dhananjaya de Silva,2,0,13,1,6.5,3,1,0,0,0
Ireland vs Sri Lanka,T20I # 1841,Josh Little,4,0,45,0,11.25,5,4,1,1,0
Ireland vs Sri Lanka,T20I # 1841,Mark Adair,2,0,16,0,8,2,1,0,0,0
Ireland vs Sri Lanka,T20I # 1841,Barry McCarthy,2,0,16,0,8,4,0,1,0,0
Ireland vs Sri Lanka,T20I # 1841,Gareth Delany,4,0,28,1,7,8,3,0,2,0
Ireland vs Sri Lanka,T20I # 1841,Curtis Campher,1,0,8,0,8,2,1,0,0,0
Ireland vs Sri Lanka,T20I # 1841,Simi Singh,2,0,20,0,10,3,0,2,0,0
India vs Pakistan,T20I # 1842,Bhuvneshwar Kumar,4,0,22,1,5.5,17,1,1,3,0
India vs Pakistan,T20I # 1842,Arshdeep Singh,4,0,32,3,8,10,3,1,1,0
India vs Pakistan,T20I # 1842,Mohammed Shami,4,0,25,1,6.25,14,4,0,1,0
India vs Pakistan,T20I # 1842,Hardik Pandya,4,0,30,3,7.5,10,4,0,0,0
India vs Pakistan,T20I # 1842,Ravichandran Ashwin,3,0,23,0,7.66,5,0,1,1,0
India vs Pakistan,T20I # 1842,Axar Patel,1,0,21,0,21,2,0,3,0,0
India vs Pakistan,T20I # 1842,Shaheen Shah Afridi,4,0,34,0,8.5,7,4,0,1,0
India vs Pakistan,T20I # 1842,Naseem Shah,4,0,23,1,5.75,10,1,0,0,0
India vs Pakistan,T20I # 1842,Haris Rauf,4,0,36,2,9,11,2,2,1,0
India vs Pakistan,T20I # 1842,Shadab Khan,4,0,21,0,5.25,10,2,0,0,0
India vs Pakistan,T20I # 1842,Mohammad Nawaz,4,0,42,2,10.5,8,0,4,2,1
Bangladesh vs Netherlands,T20I # 1843,Fred Klaassen,4,0,33,1,8.25,10,5,0,3,0
Bangladesh vs Netherlands,T20I # 1843,Colin Ackermann,1,0,4,0,4,2,0,0,0,0
Bangladesh vs Netherlands,T20I # 1843,Paul van Meekeren,4,0,21,2,5.25,10,1,0,0,0
Bangladesh vs Netherlands,T20I # 1843,Bas de Leede,3,0,29,2,9.66,9,3,1,3,0
Bangladesh vs Netherlands,T20I # 1843,Tim Pringle,2,0,10,1,5,4,0,0,0,0
Bangladesh vs Netherlands,T20I # 1843,Shariz Ahmad,3,0,27,1,9,5,1,2,0,0
Bangladesh vs Netherlands,T20I # 1843,Logan van Beek,3,0,12,1,4,7,0,0,1,0
Bangladesh vs Netherlands,T20I # 1843,Taskin Ahmed,4,0,25,4,6.25,16,5,0,0,0
Bangladesh vs Netherlands,T20I # 1843,Hasan Mahmud,4,1,15,2,3.75,16,2,0,0,0
Bangladesh vs Netherlands,T20I # 1843,Shakib Al Hasan,4,0,32,1,8,6,0,2,1,0
Bangladesh vs Netherlands,T20I # 1843,Mustafizur Rahman,4,0,20,0,5,14,2,0,2,0
Bangladesh vs Netherlands,T20I # 1843,Soumya Sarkar,3,0,29,1,9.66,5,2,1,1,0
Bangladesh vs Netherlands,T20I # 1843,Mosaddek Hossain,1,0,14,0,14,0,0,1,0,1
South Africa vs Zimbabwe,T20I # 1844,Kagiso Rabada,2,0,20,0,10,4,2,1,0,0
South Africa vs Zimbabwe,T20I # 1844,Wayne Parnell,2,0,6,1,3,9,1,0,0,0
South Africa vs Zimbabwe,T20I # 1844,Lungi Ngidi,2,0,20,2,10,6,2,1,2,0
South Africa vs Zimbabwe,T20I # 1844,Keshav Maharaj,1,0,10,0,10,1,1,0,0,0
South Africa vs Zimbabwe,T20I # 1844,Anrich Nortje,2,0,10,1,5,5,0,0,0,0
South Africa vs Zimbabwe,T20I # 1844,Tendai Chatara,1,0,23,0,23,0,4,1,0,0
South Africa vs Zimbabwe,T20I # 1844,Richard Ngarava,1,0,17,0,17,2,4,0,0,1
South Africa vs Zimbabwe,T20I # 1844,Sikandar Raza,1,0,11,0,11,1,0,0,0,1
Australia vs Sri Lanka,T20I # 1845,Josh Hazlewood,4,0,26,1,6.5,13,3,0,3,0
Australia vs Sri Lanka,T20I # 1845,Pat Cummins,4,0,36,1,9,12,5,1,2,0
Australia vs Sri Lanka,T20I # 1845,Mitchell Starc,4,0,23,1,5.75,13,1,0,1,0
Australia vs Sri Lanka,T20I # 1845,Ashton Agar,4,0,25,1,6.25,8,1,0,1,0
Australia vs Sri Lanka,T20I # 1845,Marcus Stoinis,2,0,17,0,8.5,1,1,0,1,0
Australia vs Sri Lanka,T20I # 1845,Mitchell Marsh,1,0,14,0,14,1,1,1,0,0
Australia vs Sri Lanka,T20I # 1845,Glenn Maxwell,1,0,5,1,5,2,0,0,0,0
Australia vs Sri Lanka,T20I # 1845,Binura Fernando,0.5,0,5,0,6,2,0,0,0,0
Australia vs Sri Lanka,T20I # 1845,Dhananjaya de Silva,2.1,0,18,1,8.3,4,1,1,0,0
Australia vs Sri Lanka,T20I # 1845,Lahiru Kumara,3.3,0,22,0,6.28,15,0,1,3,0
Australia vs Sri Lanka,T20I # 1845,Chamika Karunaratne,3,0,20,1,6.66,6,1,0,1,0
Australia vs Sri Lanka,T20I # 1845,Maheesh Theekshana,3,0,23,1,7.66,11,0,3,1,0
Australia vs Sri Lanka,T20I # 1845,Wanindu Hasaranga de Silva,3,0,53,0,17.66,0,3,5,0,0
Australia vs Sri Lanka,T20I # 1845,Dasun Shanaka,1,0,10,0,10,2,2,0,0,0
England vs Ireland,T20I # 1846,Ben Stokes,2.2,0,8,1,3.42,7,0,0,0,0
England vs Ireland,T20I # 1846,Chris Woakes,3,0,41,0,13.66,4,6,1,2,0
England vs Ireland,T20I # 1846,Mark Wood,4,0,34,3,8.5,13,4,1,2,0
England vs Ireland,T20I # 1846,Sam Curran,3,0,31,2,10.33,7,1,2,0,0
England vs Ireland,T20I # 1846,Adil Rashid,4,0,24,0,6,6,1,0,0,0
England vs Ireland,T20I # 1846,Liam Livingstone,3,0,17,3,5.66,5,1,0,0,0
England vs Ireland,T20I # 1846,Josh Little,3,0,16,2,5.33,11,2,0,2,0
England vs Ireland,T20I # 1846,Mark Adair,2,0,10,0,5,5,0,0,0,0
England vs Ireland,T20I # 1846,Barry McCarthy,3,0,20,1,6.66,7,1,0,3,0
England vs Ireland,T20I # 1846,Fionn Hand,2,0,17,1,8.5,6,1,0,4,0
England vs Ireland,T20I # 1846,Gareth Delany,3.3,0,33,0,9.42,5,3,1,1,0
England vs Ireland,T20I # 1846,George Dockrell,1,0,5,1,5,2,0,0,0,0
Bangladesh vs South Africa,T20I # 1847,Taskin Ahmed,3,0,46,1,15.33,7,6,2,0,3
Bangladesh vs South Africa,T20I # 1847,Mehidy Hasan Miraz,3,0,32,0,10.66,4,2,2,0,0
Bangladesh vs South Africa,T20I # 1847,Hasan Mahmud,4,0,36,1,9,11,3,2,2,0
Bangladesh vs South Africa,T20I # 1847,Mustafizur Rahman,4,0,25,0,6.25,7,1,1,0,0
Bangladesh vs South Africa,T20I # 1847,Mosaddek Hossain,2,0,16,0,8,5,1,1,0,0
Bangladesh vs South Africa,T20I # 1847,Shakib Al Hasan,3,0,33,2,11,7,1,3,0,1
Bangladesh vs South Africa,T20I # 1847,Afif Hossain,1,0,11,1,11,1,2,0,0,0
Bangladesh vs South Africa,T20I # 1847,Kagiso Rabada,3,0,24,1,8,8,1,2,1,0
Bangladesh vs South Africa,T20I # 1847,Wayne Parnell,2,0,18,0,9,3,0,1,1,0
Bangladesh vs South Africa,T20I # 1847,Anrich Nortje,3.3,0,10,4,2.85,16,1,0,0,0
Bangladesh vs South Africa,T20I # 1847,Keshav Maharaj,4,0,24,1,6,6,1,0,0,0
Bangladesh vs South Africa,T20I # 1847,Tabraiz Shamsi,4,0,20,3,5,12,0,1,2,0
India vs Netherlands,T20I # 1848,Fred Klaassen,4,0,33,1,8.25,9,2,1,2,0
India vs Netherlands,T20I # 1848,Tim Pringle,4,0,30,0,7.5,6,3,0,0,0
India vs Netherlands,T20I # 1848,Paul van Meekeren,4,0,32,1,8,9,3,1,0,0
India vs Netherlands,T20I # 1848,Bas de Leede,3,0,33,0,11,6,5,1,1,0
India vs Netherlands,T20I # 1848,Logan van Beek,4,0,45,0,11.25,3,2,3,0,0
India vs Netherlands,T20I # 1848,Shariz Ahmad,1,0,5,0,5,2,0,0,0,0
India vs Netherlands,T20I # 1848,Bhuvneshwar Kumar,3,2,9,2,3,14,1,0,0,0
India vs Netherlands,T20I # 1848,Arshdeep Singh,4,0,37,2,9.25,9,6,0,1,1
India vs Netherlands,T20I # 1848,Mohammed Shami,4,0,27,1,6.75,10,2,0,0,0
India vs Netherlands,T20I # 1848,Axar Patel,4,0,18,2,4.5,11,0,0,0,0
India vs Netherlands,T20I # 1848,Hardik Pandya,1,0,9,0,9,1,0,0,1,0
India vs Netherlands,T20I # 1848,Ravichandran Ashwin,4,0,21,2,5.25,13,1,1,1,0
Pakistan vs Zimbabwe,T20I # 1849,Shaheen Shah Afridi,4,0,29,0,7.25,9,3,0,0,0
Pakistan vs Zimbabwe,T20I # 1849,Naseem Shah,4,0,34,0,8.5,7,4,0,2,0
Pakistan vs Zimbabwe,T20I # 1849,Mohammad Wasim,4,0,24,4,6,16,2,1,4,0
Pakistan vs Zimbabwe,T20I # 1849,Haris Rauf,4,1,12,1,3,15,0,0,0,0
Pakistan vs Zimbabwe,T20I # 1849,Shadab Khan,4,0,23,3,5.75,8,1,0,0,0
Pakistan vs Zimbabwe,T20I # 1849,Richard Ngarava,4,0,24,0,6,15,2,1,2,0
Pakistan vs Zimbabwe,T20I # 1849,Blessing Muzarabani,4,0,18,1,4.5,11,1,0,0,0
Pakistan vs Zimbabwe,T20I # 1849,Brad Evans,4,0,25,2,6.25,12,2,1,0,0
Pakistan vs Zimbabwe,T20I # 1849,Sikandar Raza,4,0,25,3,6.25,13,2,1,2,0
Pakistan vs Zimbabwe,T20I # 1849,Luke Jongwe,1,0,10,1,10,2,2,0,0,0
Pakistan vs Zimbabwe,T20I # 1849,Sean Williams,2,0,15,0,7.5,1,0,0,1,0
Pakistan vs Zimbabwe,T20I # 1849,Ryan Burl,1,0,7,0,7,0,0,0,0,0
New Zealand vs Sri Lanka,T20I # 1850,Maheesh Theekshana,4,0,35,1,8.75,7,2,2,1,0
New Zealand vs Sri Lanka,T20I # 1850,Kasun Rajitha,4,0,23,2,5.75,16,3,0,1,2
New Zealand vs Sri Lanka,T20I # 1850,Dhananjaya de Silva,2,0,14,1,7,4,1,0,0,0
New Zealand vs Sri Lanka,T20I # 1850,Wanindu Hasaranga de Silva,4,0,22,1,5.5,9,1,0,0,0
New Zealand vs Sri Lanka,T20I # 1850,Lahiru Kumara,3,0,37,1,12.33,2,2,2,2,1
New Zealand vs Sri Lanka,T20I # 1850,Chamika Karunaratne,3,0,34,0,11.33,5,3,1,1,0
New Zealand vs Sri Lanka,T20I # 1850,Tim Southee,4,1,12,1,3,18,0,1,1,0
New Zealand vs Sri Lanka,T20I # 1850,Trent Boult,4,0,13,4,3.25,18,1,0,1,0
New Zealand vs Sri Lanka,T20I # 1850,Lockie Ferguson,4,0,35,1,8.75,11,4,1,3,0
New Zealand vs Sri Lanka,T20I # 1850,Mitchell Santner,4,0,21,2,5.25,13,3,0,0,0
New Zealand vs Sri Lanka,T20I # 1850,Ish Sodhi,3.2,0,21,2,6.3,11,2,1,1,0
Bangladesh vs Zimbabwe,T20I # 1851,Richard Ngarava,4,0,24,2,6,11,2,0,2,0
Bangladesh vs Zimbabwe,T20I # 1851,Blessing Muzarabani,2,0,13,2,6.5,8,3,0,0,0
Bangladesh vs Zimbabwe,T20I # 1851,Tendai Chatara,3,0,18,0,6,7,1,0,0,0
Bangladesh vs Zimbabwe,T20I # 1851,Sikandar Raza,4,0,35,1,8.75,2,2,1,0,0
Bangladesh vs Zimbabwe,T20I # 1851,Brad Evans,3,0,32,0,10.66,2,3,1,1,0
Bangladesh vs Zimbabwe,T20I # 1851,Wessly Madhevere,2,0,18,0,9,0,1,0,0,0
Bangladesh vs Zimbabwe,T20I # 1851,Sean Williams,2,0,10,1,5,4,0,0,1,0
Bangladesh vs Zimbabwe,T20I # 1851,Taskin Ahmed,4,1,19,3,4.75,15,3,0,0,0
Bangladesh vs Zimbabwe,T20I # 1851,Hasan Mahmud,4,0,36,0,9,8,5,0,3,0
Bangladesh vs Zimbabwe,T20I # 1851,Mosaddek Hossain,4,0,34,2,8.5,11,3,2,0,1
Bangladesh vs Zimbabwe,T20I # 1851,Mustafizur Rahman,4,0,15,2,3.75,11,0,0,0,0
Bangladesh vs Zimbabwe,T20I # 1851,Shakib Al Hasan,4,0,34,0,8.5,5,3,0,0,0
Netherlands vs Pakistan,T20I # 1852,Shaheen Shah Afridi,4,0,19,1,4.75,13,1,0,1,0
Netherlands vs Pakistan,T20I # 1852,Naseem Shah,4,0,11,1,2.75,15,0,0,0,0
Netherlands vs Pakistan,T20I # 1852,Mohammad Wasim,3,0,15,2,5,10,1,0,1,0
Netherlands vs Pakistan,T20I # 1852,Haris Rauf,3,0,10,1,3.33,11,1,0,0,0
Netherlands vs Pakistan,T20I # 1852,Shadab Khan,4,0,22,3,5.5,11,2,0,0,0
Netherlands vs Pakistan,T20I # 1852,Mohammad Nawaz,2,0,11,0,5.5,3,0,0,0,0
Netherlands vs Pakistan,T20I # 1852,Fred Klaassen,3,0,26,0,8.66,4,3,0,0,0
Netherlands vs Pakistan,T20I # 1852,Paul van Meekeren,4,0,19,1,4.75,15,2,0,0,0
Netherlands vs Pakistan,T20I # 1852,Brandon Glover,2.5,0,22,2,7.76,9,3,0,0,0
Netherlands vs Pakistan,T20I # 1852,Tim Pringle,1,0,12,0,12,1,2,0,0,0
Netherlands vs Pakistan,T20I # 1852,Logan van Beek,2,0,9,0,4.5,5,0,0,0,0
Netherlands vs Pakistan,T20I # 1852,Roelof van der Merwe,1,0,7,0,7,1,0,0,0,0
India vs South Africa,T20I # 1853,Wayne Parnell,4,1,15,3,3.75,16,0,1,0,0
India vs South Africa,T20I # 1853,Kagiso Rabada,4,0,26,0,6.5,13,2,1,1,0
India vs South Africa,T20I # 1853,Lungi Ngidi,4,0,29,4,7.25,10,3,1,0,0
India vs South Africa,T20I # 1853,Anrich Nortje,4,0,23,1,5.75,12,1,1,0,0
India vs South Africa,T20I # 1853,Keshav Maharaj,3,0,28,0,9.33,5,3,1,0,0
India vs South Africa,T20I # 1853,Aiden Markram,1,0,5,0,5,1,0,0,0,0
India vs South Africa,T20I # 1853,Bhuvneshwar Kumar,3.4,0,21,0,5.72,13,2,1,0,0
India vs South Africa,T20I # 1853,Arshdeep Singh,4,0,25,2,6.25,13,4,0,1,0
India vs South Africa,T20I # 1853,Mohammed Shami,4,0,13,1,3.25,15,1,0,0,0
India vs South Africa,T20I # 1853,Hardik Pandya,4,0,29,1,7.25,8,3,0,0,0
India vs South Africa,T20I # 1853,Ravichandran Ashwin,4,0,43,1,10.75,5,1,4,0,0
Australia vs Ireland,T20I # 1855,Josh Little,4,0,21,2,5.25,13,2,0,2,0
Australia vs Ireland,T20I # 1855,Mark Adair,4,0,59,0,14.75,6,7,2,6,0
Australia vs Ireland,T20I # 1855,Barry McCarthy,4,0,29,3,7.25,7,2,0,1,0
Australia vs Ireland,T20I # 1855,Gareth Delany,3,0,29,0,9.66,10,2,2,2,0
Australia vs Ireland,T20I # 1855,Fionn Hand,1,0,15,0,15,2,0,2,1,0
Australia vs Ireland,T20I # 1855,George Dockrell,4,0,24,0,6,8,0,1,0,0
Australia vs Ireland,T20I # 1855,Josh Hazlewood,3,0,24,0,8,8,1,2,1,0
Australia vs Ireland,T20I # 1855,Pat Cummins,4,0,28,2,7,14,3,1,1,0
Australia vs Ireland,T20I # 1855,Glenn Maxwell,2.1,0,14,2,6.46,6,2,0,0,0
Australia vs Ireland,T20I # 1855,Mitchell Starc,4,1,43,2,10.75,11,8,0,2,1
Australia vs Ireland,T20I # 1855,Adam Zampa,4,0,19,2,4.75,9,1,0,0,0
Australia vs Ireland,T20I # 1855,Marcus Stoinis,1,0,6,1,6,2,0,0,0,0
Afghanistan vs Sri Lanka,T20I # 1856,Kasun Rajitha,4,0,31,1,7.75,11,2,1,1,1
Afghanistan vs Sri Lanka,T20I # 1856,Pramod Madushan,3,0,24,0,8,7,2,1,0,0
Afghanistan vs Sri Lanka,T20I # 1856,Lahiru Kumara,4,0,30,2,7.5,12,2,1,4,0
Afghanistan vs Sri Lanka,T20I # 1856,Maheesh Theekshana,4,0,33,0,8.25,5,1,1,1,0
Afghanistan vs Sri Lanka,T20I # 1856,Wanindu Hasaranga de Silva,4,0,13,3,3.25,12,0,0,0,0
Afghanistan vs Sri Lanka,T20I # 1856,Dhananjaya de Silva,1,0,9,1,9,1,1,0,0,0
Afghanistan vs Sri Lanka,T20I # 1856,Fazalhaq Farooqi,3.3,1,22,0,6.28,11,3,0,1,0
Afghanistan vs Sri Lanka,T20I # 1856,Mujeeb Ur Rahman,4,0,24,2,6,12,3,0,0,0
Afghanistan vs Sri Lanka,T20I # 1856,Fareed Ahmad,2,0,25,0,12.5,3,3,1,1,0
Afghanistan vs Sri Lanka,T20I # 1856,Rashid Khan,4,0,31,2,7.75,10,2,1,1,0
Afghanistan vs Sri Lanka,T20I # 1856,Azmatullah Omarzai,2,0,17,0,8.5,2,1,0,1,0
Afghanistan vs Sri Lanka,T20I # 1856,Mohammad Nabi,2,0,16,0,8,2,0,1,0,0
Afghanistan vs Sri Lanka,T20I # 1856,Gulbadin Naib,1,0,12,0,12,1,2,0,0,0
England vs New Zealand,T20I # 1858,Trent Boult,4,0,40,0,10,8,4,1,1,0
England vs New Zealand,T20I # 1858,Tim Southee,4,0,43,1,10.75,9,3,3,0,0
England vs New Zealand,T20I # 1858,Mitchell Santner,4,0,25,1,6.25,8,2,0,0,0
England vs New Zealand,T20I # 1858,Lockie Ferguson,4,0,45,2,11.25,6,4,2,0,1
England vs New Zealand,T20I # 1858,Ish Sodhi,4,0,23,1,5.75,10,2,0,0,0
England vs New Zealand,T20I # 1858,Moeen Ali,1,0,4,0,4,3,0,0,0,0
England vs New Zealand,T20I # 1858,Chris Woakes,4,0,33,2,8.25,9,1,2,1,0
England vs New Zealand,T20I # 1858,Adil Rashid,4,0,33,0,8.25,6,0,2,0,0
England vs New Zealand,T20I # 1858,Sam Curran,4,0,26,2,6.5,9,0,0,2,0
England vs New Zealand,T20I # 1858,Mark Wood,3,0,25,1,8.33,8,2,1,1,0
England vs New Zealand,T20I # 1858,Liam Livingstone,3,0,26,0,8.66,4,3,0,0,0
England vs New Zealand,T20I # 1858,Ben Stokes,1,0,10,1,10,2,2,0,0,0
Netherlands vs Zimbabwe,T20I # 1859,Fred Klaassen,4,0,17,1,4.25,17,0,1,2,0
Netherlands vs Zimbabwe,T20I # 1859,Paul van Meekeren,4,0,29,3,7.25,13,3,0,2,0
Netherlands vs Zimbabwe,T20I # 1859,Brandon Glover,4,1,29,2,7.25,15,2,2,2,0
Netherlands vs Zimbabwe,T20I # 1859,Logan van Beek,2.2,0,17,2,7.28,8,1,1,1,0
Netherlands vs Zimbabwe,T20I # 1859,Bas de Leede,4,0,14,2,3.5,11,0,0,0,0
Netherlands vs Zimbabwe,T20I # 1859,Roelof van der Merwe,1,0,8,0,8,2,1,0,0,0
Netherlands vs Zimbabwe,T20I # 1859,Tendai Chatara,4,0,22,0,5.5,14,4,0,0,0
Netherlands vs Zimbabwe,T20I # 1859,Richard Ngarava,4,0,18,2,4.5,15,1,1,0,0
Netherlands vs Zimbabwe,T20I # 1859,Blessing Muzarabani,4,0,23,2,5.75,14,2,1,1,0
Netherlands vs Zimbabwe,T20I # 1859,Sean Williams,3,0,21,0,7,8,2,1,0,0
Netherlands vs Zimbabwe,T20I # 1859,Sikandar Raza,1,0,6,0,6,0,0,0,0,0
Netherlands vs Zimbabwe,T20I # 1859,Luke Jongwe,2,0,25,1,12.5,3,4,0,3,1
Bangladesh vs India,T20I # 1860,Taskin Ahmed,4,0,15,0,3.75,16,2,0,0,0
Bangladesh vs India,T20I # 1860,Shoriful Islam,4,0,57,0,14.25,7,4,4,2,2
Bangladesh vs India,T20I # 1860,Hasan Mahmud,4,0,47,3,11.75,7,6,2,0,1
Bangladesh vs India,T20I # 1860,Mustafizur Rahman,4,0,31,0,7.75,9,4,0,0,0
Bangladesh vs India,T20I # 1860,Shakib Al Hasan,4,0,33,2,8.25,3,2,0,0,0
Bangladesh vs India,T20I # 1860,Bhuvneshwar Kumar,3,0,27,0,9,7,2,2,0,0
Bangladesh vs India,T20I # 1860,Arshdeep Singh,4,0,38,2,9.5,10,5,1,0,0
Bangladesh vs India,T20I # 1860,Mohammed Shami,3,0,25,1,8.33,7,2,1,0,0
Bangladesh vs India,T20I # 1860,Axar Patel,1,0,6,0,6,2,0,0,0,0
Bangladesh vs India,T20I # 1860,Ravichandran Ashwin,2,0,19,0,9.5,4,3,0,1,0
Bangladesh vs India,T20I # 1860,Hardik Pandya,3,0,28,2,9.33,8,1,3,0,0
Pakistan vs South Africa,T20I # 1861,Wayne Parnell,4,0,31,1,7.75,10,3,1,0,0
Pakistan vs South Africa,T20I # 1861,Kagiso Rabada,4,0,44,1,11,7,4,2,0,0
Pakistan vs South Africa,T20I # 1861,Lungi Ngidi,4,0,32,1,8,11,3,1,2,0
Pakistan vs South Africa,T20I # 1861,Anrich Nortje,4,0,41,4,10.25,11,1,4,0,1
Pakistan vs South Africa,T20I # 1861,Tabraiz Shamsi,4,0,36,1,9,8,2,2,2,0
Pakistan vs South Africa,T20I # 1861,Shaheen Shah Afridi,3,0,14,3,4.66,11,2,0,0,0
Pakistan vs South Africa,T20I # 1861,Naseem Shah,3,0,19,1,6.33,10,1,1,1,0
Pakistan vs South Africa,T20I # 1861,Haris Rauf,3,0,44,1,14.66,2,7,1,1,0
Pakistan vs South Africa,T20I # 1861,Mohammad Wasim,2,0,13,1,6.5,3,1,0,0,0
Pakistan vs South Africa,T20I # 1861,Shadab Khan,2,0,16,2,8,5,1,1,0,0
Pakistan vs South Africa,T20I # 1861,Mohammad Nawaz,1,0,2,0,2,4,0,0,0,0
Ireland vs New Zealand,T20I # 1862,Josh Little,4,0,22,3,5.5,10,2,0,1,0
Ireland vs New Zealand,T20I # 1862,Mark Adair,4,0,39,1,9.75,9,3,1,3,0
Ireland vs New Zealand,T20I # 1862,Barry McCarthy,4,0,46,0,11.5,4,4,2,0,0
Ireland vs New Zealand,T20I # 1862,Gareth Delany,4,0,30,2,7.5,11,3,1,1,0
Ireland vs New Zealand,T20I # 1862,Fionn Hand,2,0,22,0,11,2,2,1,0,0
Ireland vs New Zealand,T20I # 1862,George Dockrell,2,0,18,0,9,4,2,0,2,0
Ireland vs New Zealand,T20I # 1862,Trent Boult,4,0,38,0,9.5,8,4,1,0,0
Ireland vs New Zealand,T20I # 1862,Tim Southee,4,0,29,2,7.25,8,2,1,0,0
Ireland vs New Zealand,T20I # 1862,Lockie Ferguson,4,0,22,3,5.5,10,1,0,0,0
Ireland vs New Zealand,T20I # 1862,Mitchell Santner,4,0,26,2,6.5,12,3,1,0,0
Ireland vs New Zealand,T20I # 1862,Ish Sodhi,4,0,31,2,7.75,10,0,2,1,0
Australia vs Afghanistan,T20I # 1864,Fazalhaq Farooqi,4,0,29,2,7.25,13,4,1,0,0
Australia vs Afghanistan,T20I # 1864,Mujeeb Ur Rahman,4,0,42,1,10.5,5,4,1,1,0
Australia vs Afghanistan,T20I # 1864,Naveen-ul-Haq,4,0,21,3,5.25,11,2,0,0,0
Australia vs Afghanistan,T20I # 1864,Gulbadin Naib,3,0,31,0,10.33,6,3,2,0,0
Australia vs Afghanistan,T20I # 1864,Rashid Khan,4,0,29,1,7.25,9,2,1,1,0
Australia vs Afghanistan,T20I # 1864,Mohammad Nabi,1,0,14,0,14,1,1,1,0,0
Australia vs Afghanistan,T20I # 1864,Josh Hazlewood,4,0,33,2,8.25,13,2,3,0,0
Australia vs Afghanistan,T20I # 1864,Pat Cummins,4,0,22,0,5.5,12,2,0,0,0
Australia vs Afghanistan,T20I # 1864,Marcus Stoinis,2,0,26,0,13,2,2,1,2,0
Australia vs Afghanistan,T20I # 1864,Kane Richardson,4,0,48,1,12,4,3,3,1,0
Australia vs Afghanistan,T20I # 1864,Adam Zampa,4,0,22,2,5.5,11,1,0,0,0
Australia vs Afghanistan,T20I # 1864,Cameron Green,2,0,13,0,6.5,7,1,1,0,0
England vs Sri Lanka,T20I # 1867,Ben Stokes,3,0,24,1,8,8,1,2,0,0
England vs Sri Lanka,T20I # 1867,Chris Woakes,3,0,24,1,8,5,3,0,1,0
England vs Sri Lanka,T20I # 1867,Mark Wood,3,0,26,3,8.66,8,1,2,1,0
England vs Sri Lanka,T20I # 1867,Sam Curran,4,0,27,1,6.75,10,2,1,0,0
England vs Sri Lanka,T20I # 1867,Adil Rashid,4,0,16,1,4,11,0,0,0,0
England vs Sri Lanka,T20I # 1867,Liam Livingstone,2,0,16,0,8,2,0,1,0,0
England vs Sri Lanka,T20I # 1867,Moeen Ali,1,0,5,0,5,1,0,0,0,0
England vs Sri Lanka,T20I # 1867,Maheesh Theekshana,4,0,22,0,5.5,11,1,0,1,0
England vs Sri Lanka,T20I # 1867,Kasun Rajitha,3,0,40,0,13.33,4,5,1,2,0
England vs Sri Lanka,T20I # 1867,Lahiru Kumara,3.4,0,24,2,6.54,11,3,0,0,1
England vs Sri Lanka,T20I # 1867,Wanindu Hasaranga de Silva,4,0,23,2,5.75,11,1,1,0,0
England vs Sri Lanka,T20I # 1867,Dhananjaya de Silva,4,0,24,2,6,7,1,0,0,0
England vs Sri Lanka,T20I # 1867,Charith Asalanka,1,0,8,0,8,1,1,0,0,0
Netherlands vs South Africa,T20I # 1871,Wayne Parnell,4,0,32,0,8,10,2,2,1,0
Netherlands vs South Africa,T20I # 1871,Kagiso Rabada,3,0,37,0,12.33,6,7,0,0,0
Netherlands vs South Africa,T20I # 1871,Lungi Ngidi,3,0,35,0,11.66,3,5,0,0,0
Netherlands vs South Africa,T20I # 1871,Anrich Nortje,4,0,10,1,2.5,14,0,0,0,0
Netherlands vs South Africa,T20I # 1871,Keshav Maharaj,4,0,27,2,6.75,12,1,2,0,0
Netherlands vs South Africa,T20I # 1871,Aiden Markram,2,0,16,1,8,3,0,1,1,0
Netherlands vs South Africa,T20I # 1871,Fred Klaassen,4,0,20,2,5,15,3,0,0,0
Netherlands vs South Africa,T20I # 1871,Paul van Meekeren,3,0,33,1,11,5,1,2,1,1
Netherlands vs South Africa,T20I # 1871,Colin Ackermann,3,0,16,0,5.33,6,1,0,0,0
Netherlands vs South Africa,T20I # 1871,Roelof van der Merwe,2,0,19,0,9.5,2,2,0,0,0
Netherlands vs South Africa,T20I # 1871,Brandon Glover,2,0,9,3,4.5,5,0,0,1,0
Netherlands vs South Africa,T20I # 1871,Logan van Beek,3,0,23,0,7.66,4,1,1,0,0
Netherlands vs South Africa,T20I # 1871,Bas de Leede,3,0,25,2,8.33,4,1,0,1,2
Bangladesh vs Pakistan,T20I # 1872,Shaheen Shah Afridi,4,0,22,4,5.5,13,2,1,0,0
Bangladesh vs Pakistan,T20I # 1872,Naseem Shah,3,0,15,0,5,9,2,0,0,0
Bangladesh vs Pakistan,T20I # 1872,Mohammad Wasim,2,0,19,0,9.5,5,1,1,1,0
Bangladesh vs Pakistan,T20I # 1872,Haris Rauf,4,0,21,1,5.25,11,2,0,0,0
Bangladesh vs Pakistan,T20I # 1872,Shadab Khan,4,0,30,2,7.5,8,3,0,0,0
Bangladesh vs Pakistan,T20I # 1872,Iftikhar Ahmed,3,0,15,1,5,9,2,0,0,0
Bangladesh vs Pakistan,T20I # 1872,Taskin Ahmed,3,0,26,0,8.66,10,1,2,0,1
Bangladesh vs Pakistan,T20I # 1872,Nasum Ahmed,4,0,14,1,3.5,13,0,0,2,0
Bangladesh vs Pakistan,T20I # 1872,Shakib Al Hasan,4,0,35,1,8.75,6,5,0,0,0
Bangladesh vs Pakistan,T20I # 1872,Mustafizur Rahman,4,0,21,1,5.25,8,0,0,0,0
Bangladesh vs Pakistan,T20I # 1872,Ebadot Hossain,3.1,0,25,1,7.89,7,1,1,0,1
India vs Zimbabwe,T20I # 1873,Richard Ngarava,4,1,44,1,11,12,2,4,1,1
India vs Zimbabwe,T20I # 1873,Tendai Chatara,4,0,34,0,8.5,5,3,1,0,0
India vs Zimbabwe,T20I # 1873,Blessing Muzarabani,4,0,50,1,12.5,5,8,0,1,0
India vs Zimbabwe,T20I # 1873,Wellington Masakadza,2,0,12,0,6,5,1,0,1,0
India vs Zimbabwe,T20I # 1873,Ryan Burl,1,0,14,0,14,1,1,1,0,0
India vs Zimbabwe,T20I # 1873,Sikandar Raza,3,0,18,1,6,5,0,1,0,0
India vs Zimbabwe,T20I # 1873,Sean Williams,2,0,9,2,4.5,6,0,0,2,0
India vs Zimbabwe,T20I # 1873,Bhuvneshwar Kumar,3,1,11,1,3.66,14,1,0,1,0
India vs Zimbabwe,T20I # 1873,Arshdeep Singh,2,0,9,1,4.5,9,1,0,2,0
India vs Zimbabwe,T20I # 1873,Mohammed Shami,2,0,14,2,7,7,1,1,0,0
India vs Zimbabwe,T20I # 1873,Hardik Pandya,3,0,16,2,5.33,10,1,0,2,1
India vs Zimbabwe,T20I # 1873,Ravichandran Ashwin,4,0,22,3,5.5,13,3,0,1,0
India vs Zimbabwe,T20I # 1873,Axar Patel,3.2,0,40,1,12,4,5,1,0,0
New Zealand vs Pakistan,T20I # 1877,Shaheen Shah Afridi,4,0,24,2,6,11,2,0,0,0
New Zealand vs Pakistan,T20I # 1877,Naseem Shah,4,0,30,0,7.5,8,3,0,0,0
New Zealand vs Pakistan,T20I # 1877,Haris Rauf,4,0,32,0,8,6,2,0,0,0
New Zealand vs Pakistan,T20I # 1877,Mohammad Wasim,2,0,15,0,7.5,3,0,1,0,0
New Zealand vs Pakistan,T20I # 1877,Shadab Khan,4,0,33,0,8.25,7,3,1,0,0
New Zealand vs Pakistan,T20I # 1877,Mohammad Nawaz,2,0,12,1,6,2,0,0,0,0
New Zealand vs Pakistan,T20I # 1877,Trent Boult,4,0,33,2,8.25,9,5,0,0,0
New Zealand vs Pakistan,T20I # 1877,Tim Southee,3.1,0,24,0,7.57,7,3,0,2,0
New Zealand vs Pakistan,T20I # 1877,Lockie Ferguson,4,0,37,0,9.25,7,4,1,1,0
New Zealand vs Pakistan,T20I # 1877,Mitchell Santner,4,0,26,1,6.5,6,1,0,0,0
New Zealand vs Pakistan,T20I # 1877,Ish Sodhi,4,0,26,0,6.5,4,1,0,0,0
England vs India,T20I # 1878,Ben Stokes,2,0,18,0,9,5,2,1,0,0
England vs India,T20I # 1878,Chris Woakes,3,0,24,1,8,5,1,1,2,0
England vs India,T20I # 1878,Sam Curran,4,0,42,0,10.5,9,5,2,0,0
England vs India,T20I # 1878,Adil Rashid,4,0,20,1,5,8,1,0,0,0
England vs India,T20I # 1878,Liam Livingstone,3,0,21,0,7,7,3,0,0,0
England vs India,T20I # 1878,Chris Jordan,4,0,43,3,10.75,8,3,3,1,0
England vs India,T20I # 1878,Bhuvneshwar Kumar,2,0,25,0,12.5,4,3,1,1,0
England vs India,T20I # 1878,Arshdeep Singh,2,0,15,0,7.5,4,2,0,1,0
England vs India,T20I # 1878,Axar Patel,4,0,30,0,7.5,10,2,2,0,0
England vs India,T20I # 1878,Mohammed Shami,3,0,39,0,13,7,4,3,0,0
England vs India,T20I # 1878,Ravichandran Ashwin,2,0,27,0,13.5,1,1,2,1,0
England vs India,T20I # 1878,Hardik Pandya,3,0,34,0,11.33,5,1,2,0,0
England vs Pakistan,T20I # 1879,Ben Stokes,4,0,32,1,8,6,1,0,2,1
England vs Pakistan,T20I # 1879,Chris Woakes,3,0,26,0,8.66,7,2,1,2,0
England vs Pakistan,T20I # 1879,Sam Curran,4,0,12,3,3,15,0,0,0,0
England vs Pakistan,T20I # 1879,Adil Rashid,4,1,22,2,5.5,10,1,0,1,0
England vs Pakistan,T20I # 1879,Chris Jordan,4,0,27,2,6.75,9,3,0,0,0
England vs Pakistan,T20I # 1879,Liam Livingstone,1,0,16,0,16,1,1,1,1,0
England vs Pakistan,T20I # 1879,Shaheen Shah Afridi,2.1,0,13,1,6,6,1,0,0,0
England vs Pakistan,T20I # 1879,Naseem Shah,4,0,30,0,7.5,15,3,1,1,0
England vs Pakistan,T20I # 1879,Haris Rauf,4,0,23,2,5.75,13,3,0,1,0
England vs Pakistan,T20I # 1879,Shadab Khan,4,0,20,1,5,10,1,0,0,0
England vs Pakistan,T20I # 1879,Mohammad Wasim,4,0,38,1,9.5,5,5,0,2,0
England vs Pakistan,T20I # 1879,Iftikhar Ahmed,0.5,0,13,0,15.6,0,1,1,0,0
